Workbook

Sheet Overview - New
C3: CIS K8S Benchmark 1.12 | D3: NSA-CISA K8S hardening | E3: CIS K8S STIG | F3: BSI K8S | G3: PCI Container Guidance | H3: MS TM 4 K8S | I3: K8S Security Checklists | J3: OWASP K8S Cheat Sheet | K3: KALM Benchmark
A4: Control Plane | B4: Master Node | C4: =COUNTA(_xlfn.UNIQUE('Overall Matcher'!G3:G28))-1 -> 21 | D4: =COUNTA(_xlfn.UNIQUE('Overall Matcher'!H3:H28))-1 -> 2 | E4: =COUNTA(_xlfn.UNIQUE('Overall Matcher'!I3:I28))-1 -> 12 | F4: =COUNTA(_xlfn.UNIQUE('Overall Matcher'!J3:J28))-1 -> 1 | G4: =COUNTA(_xlfn.UNIQUE('Overall Matcher'!K3:K28))-1 -> 1 | H4: =COUNTA(_xlfn.UNIQUE('Overall Matcher'!L3:L28))-1 -> 1 | I4: =COUNTA(_xlfn.UNIQUE('Overall Matcher'!M3:M28))-1 -> 0 | J4: =COUNTA(_xlfn.UNIQUE('Overall Matcher'!N3:N28))-1 -> 1 | K4: =COUNTA(_xlfn.UNIQUE('Overall Matcher'!E3:E28))-1 -> 0
B5: API Server | C5: =COUNTA(_xlfn.UNIQUE('Overall Matcher'!G29:G79))-1 -> 30 | D5: =COUNTA(_xlfn.UNIQUE('Overall Matcher'!H29:H79))-1 -> 7 | E5: =COUNTA(_xlfn.UNIQUE('Overall Matcher'!I29:I79))-1 -> 26 | F5: =COUNTA(_xlfn.UNIQUE('Overall Matcher'!J29:J79))-1 -> 3 | G5: =COUNTA(_xlfn.UNIQUE('Overall Matcher'!K29:K79))-1 -> 5 | H5: =COUNTA(_xlfn.UNIQUE('Overall Matcher'!L29:L79))-1 -> 6 | I5: =COUNTA(_xlfn.UNIQUE('Overall Matcher'!M29:M79))-1 -> 15 | J5: =COUNTA(_xlfn.UNIQUE('Overall Matcher'!N29:N79))-1 -> 4 | K5: =COUNTA(_xlfn.UNIQUE('Overall Matcher'!E29:E79))-1 -> 1
B6: Controller Manager | C6: =COUNTA(_xlfn.UNIQUE('Overall Matcher'!G80:G89))-1 -> 7 | D6: =COUNTA(_xlfn.UNIQUE('Overall Matcher'!H80:H89))-1 -> 3 | E6: =COUNTA(_xlfn.UNIQUE('Overall Matcher'!I80:I89))-1 -> 6 | F6: =COUNTA(_xlfn.UNIQUE('Overall Matcher'!J80:J89))-1 -> 1 | G6: =COUNTA(_xlfn.UNIQUE('Overall Matcher'!K80:K89))-1 -> 6 | H6: =COUNTA(_xlfn.UNIQUE('Overall Matcher'!L80:L89))-1 -> 1 | I6: =COUNTA(_xlfn.UNIQUE('Overall Matcher'!M80:M89))-1 -> 1 | J6: =COUNTA(_xlfn.UNIQUE('Overall Matcher'!N80:N89))-1 -> 1 | K6: =COUNTA(_xlfn.UNIQUE('Overall Matcher'!E80:E89))-1 -> 0
B7: Scheduler | C7: =COUNTA(_xlfn.UNIQUE('Overall Matcher'!G90:G94))-1 -> 2 | D7: =COUNTA(_xlfn.UNIQUE('Overall Matcher'!H90:H94))-1 -> 2 | E7: =COUNTA(_xlfn.UNIQUE('Overall Matcher'!I90:I94))-1 -> 3 | F7: =COUNTA(_xlfn.UNIQUE('Overall Matcher'!J90:J94))-1 -> 0 | G7: =COUNTA(_xlfn.UNIQUE('Overall Matcher'!K90:K94))-1 -> 2 | H7: =COUNTA(_xlfn.UNIQUE('Overall Matcher'!L90:L94))-1 -> 1 | I7: =COUNTA(_xlfn.UNIQUE('Overall Matcher'!M90:M94))-1 -> 0 | J7: =COUNTA(_xlfn.UNIQUE('Overall Matcher'!N90:N94))-1 -> 1 | K7: =COUNTA(_xlfn.UNIQUE('Overall Matcher'!E90:E94))-1 -> 0
B8: etcd | C8: =COUNTA(_xlfn.UNIQUE('Overall Matcher'!G95:G105))-1 -> 7 | D8: =COUNTA(_xlfn.UNIQUE('Overall Matcher'!H95:H105))-1 -> 1 | E8: =COUNTA(_xlfn.UNIQUE('Overall Matcher'!I95:I105))-1 -> 9 | F8: =COUNTA(_xlfn.UNIQUE('Overall Matcher'!J95:J105))-1 -> 1 | G8: =COUNTA(_xlfn.UNIQUE('Overall Matcher'!K95:K105))-1 -> 3 | H8: =COUNTA(_xlfn.UNIQUE('Overall Matcher'!L95:L105))-1 -> 1 | I8: =COUNTA(_xlfn.UNIQUE('Overall Matcher'!M95:M105))-1 -> 3 | J8: =COUNTA(_xlfn.UNIQUE('Overall Matcher'!N95:N105))-1 -> 1 | K8: =COUNTA(_xlfn.UNIQUE('Overall Matcher'!E95:E105))-1 -> 0
B9: Authentication & Authorization | C9: =COUNTA(_xlfn.UNIQUE('Overall Matcher'!G107:G110))-1 -> 3 | D9: =COUNTA(_xlfn.UNIQUE('Overall Matcher'!H107:H110))-1 -> 1 | E9: =COUNTA(_xlfn.UNIQUE('Overall Matcher'!I107:I110))-1 -> 0 | F9: =COUNTA(_xlfn.UNIQUE('Overall Matcher'!J107:J110))-1 -> 1 | G9: =COUNTA(_xlfn.UNIQUE('Overall Matcher'!K107:K110))-1 -> 2 | H9: =COUNTA(_xlfn.UNIQUE('Overall Matcher'!L107:L110))-1 -> 1 | I9: =COUNTA(_xlfn.UNIQUE('Overall Matcher'!M107:M110))-1 -> 0 | J9: =COUNTA(_xlfn.UNIQUE('Overall Matcher'!N107:N110))-1 -> 1 | K9: =COUNTA(_xlfn.UNIQUE('Overall Matcher'!E107:E110))-1 -> 0
B10: Logging | C10: =COUNTA(_xlfn.UNIQUE('Overall Matcher'!G111:G115))-1 -> 2 | D10: =COUNTA(_xlfn.UNIQUE('Overall Matcher'!H111:H115))-1 -> 2 | E10: =COUNTA(_xlfn.UNIQUE('Overall Matcher'!I111:I115))-1 -> 2 | F10: =COUNTA(_xlfn.UNIQUE('Overall Matcher'!J111:J115))-1 -> 0 | G10: =COUNTA(_xlfn.UNIQUE('Overall Matcher'!K111:K115))-1 -> 2 | H10: =COUNTA(_xlfn.UNIQUE('Overall Matcher'!L111:L115))-1 -> 1 | I10: =COUNTA(_xlfn.UNIQUE('Overall Matcher'!M111:M115))-1 -> 1 | J10: =COUNTA(_xlfn.UNIQUE('Overall Matcher'!N111:N115))-1 -> 3 | K10: =COUNTA(_xlfn.UNIQUE('Overall Matcher'!E111:E115))-1 -> 0
A11: Worker Nodes | B11: Worker Node | C11: =COUNTA(_xlfn.UNIQUE('Overall Matcher'!G116:G132))-1 -> 10 | D11: =COUNTA(_xlfn.UNIQUE('Overall Matcher'!H116:H132))-1 -> 2 | E11: =COUNTA(_xlfn.UNIQUE('Overall Matcher'!I116:I132))-1 -> 15 | F11: =COUNTA(_xlfn.UNIQUE('Overall Matcher'!J116:J132))-1 -> 1 | G11: =COUNTA(_xlfn.UNIQUE('Overall Matcher'!K116:K132))-1 -> 1 | H11: =COUNTA(_xlfn.UNIQUE('Overall Matcher'!L116:L132))-1 -> 0 | I11: =COUNTA(_xlfn.UNIQUE('Overall Matcher'!M116:M132))-1 -> 0 | J11: =COUNTA(_xlfn.UNIQUE('Overall Matcher'!N116:N132))-1 -> 0 | K11: =COUNTA(_xlfn.UNIQUE('Overall Matcher'!E116:E121))-1 -> 0
B12: Kubelet | C12: =COUNTA(_xlfn.UNIQUE('Overall Matcher'!G133:G152))-1 -> 14 | D12: =COUNTA(_xlfn.UNIQUE('Overall Matcher'!H133:H152))-1 -> 4 | E12: =COUNTA(_xlfn.UNIQUE('Overall Matcher'!I133:I152))-1 -> 11 | F12: =COUNTA(_xlfn.UNIQUE('Overall Matcher'!J133:J152))-1 -> 2 | G12: =COUNTA(_xlfn.UNIQUE('Overall Matcher'!K133:K152))-1 -> 6 | H12: =COUNTA(_xlfn.UNIQUE('Overall Matcher'!L133:L152))-1 -> 0 | I12: =COUNTA(_xlfn.UNIQUE('Overall Matcher'!M133:M152))-1 -> 1 | J12: =COUNTA(_xlfn.UNIQUE('Overall Matcher'!N133:N152))-1 -> 3 | K12: =COUNTA(_xlfn.UNIQUE('Overall Matcher'!E133:E152))-1 -> 0
B13: kube-proxy | C13: =COUNTA(_xlfn.UNIQUE('Overall Matcher'!G153:G154))-1 -> 1 | D13: =COUNTA(_xlfn.UNIQUE('Overall Matcher'!H153:H154))-1 -> 0 | E13: =COUNTA(_xlfn.UNIQUE('Overall Matcher'!I153:I154))-1 -> 0 | F13: =COUNTA(_xlfn.UNIQUE('Overall Matcher'!J153:J154))-1 -> 0 | G13: =COUNTA(_xlfn.UNIQUE('Overall Matcher'!K153:K154))-1 -> 1 | H13: =COUNTA(_xlfn.UNIQUE('Overall Matcher'!L153:L154))-1 -> 0 | I13: =COUNTA(_xlfn.UNIQUE('Overall Matcher'!M153:M154))-1 -> 0 | J13: =COUNTA(_xlfn.UNIQUE('Overall Matcher'!N153:N154))-1 -> 0 | K13: =COUNTA(_xlfn.UNIQUE('Overall Matcher'!E153:E154))-1 -> 0
A14: Policies | B14: RBAC and Service Accounts | C14: =COUNTA(_xlfn.UNIQUE('Overall Matcher'!G156:G184))-1 -> 13 | D14: =COUNTA(_xlfn.UNIQUE('Overall Matcher'!H156:H184))-1 -> 4 | E14: =COUNTA(_xlfn.UNIQUE('Overall Matcher'!I156:I184))-1 -> 0 | F14: =COUNTA(_xlfn.UNIQUE('Overall Matcher'!J156:J184))-1 -> 3 | G14: =COUNTA(_xlfn.UNIQUE('Overall Matcher'!K156:K184))-1 -> 6 | H14: =COUNTA(_xlfn.UNIQUE('Overall Matcher'!L156:L184))-1 -> 3 | I14: =COUNTA(_xlfn.UNIQUE('Overall Matcher'!M156:M184))-1 -> 10 | J14: =COUNTA(_xlfn.UNIQUE('Overall Matcher'!N156:N184))-1 -> 2 | K14: =COUNTA(_xlfn.UNIQUE('Overall Matcher'!E156:E184))-1 -> 25
B15: Pod Security | C15: =COUNTA(_xlfn.UNIQUE('Overall Matcher'!G185:G228))-1 -> 12 | D15: =COUNTA(_xlfn.UNIQUE('Overall Matcher'!H185:H228))-1 -> 5 | E15: =COUNTA(_xlfn.UNIQUE('Overall Matcher'!I185:I228))-1 -> 3 | F15: =COUNTA(_xlfn.UNIQUE('Overall Matcher'!J185:J228))-1 -> 2 | G15: =COUNTA(_xlfn.UNIQUE('Overall Matcher'!K185:K228))-1 -> 5 | H15: =COUNTA(_xlfn.UNIQUE('Overall Matcher'!L185:L228))-1 -> 5 | I15: =COUNTA(_xlfn.UNIQUE('Overall Matcher'!M185:M228))-1 -> 15 | J15: =COUNTA(_xlfn.UNIQUE('Overall Matcher'!N185:N228))-1 -> 5 | K15: =COUNTA(_xlfn.UNIQUE('Overall Matcher'!E185:E228))-1 -> 34
B16: Network Policies | C16: =COUNTA(_xlfn.UNIQUE('Overall Matcher'!G229:G236))-1 -> 2 | D16: =COUNTA(_xlfn.UNIQUE('Overall Matcher'!H229:H236))-1 -> 3 | E16: =COUNTA(_xlfn.UNIQUE('Overall Matcher'!I229:I236))-1 -> 0 | F16: =COUNTA(_xlfn.UNIQUE('Overall Matcher'!J229:J236))-1 -> 2 | G16: =COUNTA(_xlfn.UNIQUE('Overall Matcher'!K229:K236))-1 -> 1 | H16: =COUNTA(_xlfn.UNIQUE('Overall Matcher'!L229:L236))-1 -> 3 | I16: =COUNTA(_xlfn.UNIQUE('Overall Matcher'!M229:M236))-1 -> 6 | J16: =COUNTA(_xlfn.UNIQUE('Overall Matcher'!N229:N236))-1 -> 2 | K16: =COUNTA(_xlfn.UNIQUE('Overall Matcher'!E229:E236))-1 -> 4
B17: Secrets Management | C17: =COUNTA(_xlfn.UNIQUE('Overall Matcher'!G237:G241))-1 -> 2 | D17: =COUNTA(_xlfn.UNIQUE('Overall Matcher'!H237:H241))-1 -> 0 | E17: =COUNTA(_xlfn.UNIQUE('Overall Matcher'!I237:I241))-1 -> 1 | F17: =COUNTA(_xlfn.UNIQUE('Overall Matcher'!J237:J241))-1 -> 0 | G17: =COUNTA(_xlfn.UNIQUE('Overall Matcher'!K237:K241))-1 -> 3 | H17: =COUNTA(_xlfn.UNIQUE('Overall Matcher'!L237:L241))-1 -> 2 | I17: =COUNTA(_xlfn.UNIQUE('Overall Matcher'!M237:M241))-1 -> 3 | J17: =COUNTA(_xlfn.UNIQUE('Overall Matcher'!N237:N241))-1 -> 2 | K17: =COUNTA(_xlfn.UNIQUE('Overall Matcher'!E237:E241))-1 -> 2
B18: Extensible Admission Control | C18: =COUNTA(_xlfn.UNIQUE('Overall Matcher'!G242:G244))-1 -> 1 | D18: =COUNTA(_xlfn.UNIQUE('Overall Matcher'!H242:H244))-1 -> 0 | E18: =COUNTA(_xlfn.UNIQUE('Overall Matcher'!I242:I244))-1 -> 0 | F18: =COUNTA(_xlfn.UNIQUE('Overall Matcher'!J242:J244))-1 -> 0 | G18: =COUNTA(_xlfn.UNIQUE('Overall Matcher'!K242:K244))-1 -> 2 | H18: =COUNTA(_xlfn.UNIQUE('Overall Matcher'!L242:L244))-1 -> 1 | I18: =COUNTA(_xlfn.UNIQUE('Overall Matcher'!M242:M244))-1 -> 2 | J18: =COUNTA(_xlfn.UNIQUE('Overall Matcher'!N242:N244))-1 -> 1 | K18: =COUNTA(_xlfn.UNIQUE('Overall Matcher'!E242:E244))-1 -> 1
B19: General Policies | C19: =COUNTA(_xlfn.UNIQUE('Overall Matcher'!G245:G264))-1 -> 4 | D19: =COUNTA(_xlfn.UNIQUE('Overall Matcher'!H245:H264))-1 -> 3 | E19: =COUNTA(_xlfn.UNIQUE('Overall Matcher'!I245:I264))-1 -> 5 | F19: =COUNTA(_xlfn.UNIQUE('Overall Matcher'!J245:J264))-1 -> 3 | G19: =COUNTA(_xlfn.UNIQUE('Overall Matcher'!K245:K264))-1 -> 5 | H19: =COUNTA(_xlfn.UNIQUE('Overall Matcher'!L245:L264))-1 -> 2 | I19: =COUNTA(_xlfn.UNIQUE('Overall Matcher'!M245:M264))-1 -> 5 | J19: =COUNTA(_xlfn.UNIQUE('Overall Matcher'!N245:N264))-1 -> 3 | K19: =COUNTA(_xlfn.UNIQUE('Overall Matcher'!E245:E264))-1 -> 10
B21: Target | C21: =COUNTA(_xlfn.UNIQUE('CIS Kubernetes 1.12'!C6:C156))-20 -> 131 | D21: 30 | E21: =COUNTA(_xlfn.UNIQUE('K8S STIG'!B6:B96)) -> 91 | F21: =COUNTA(_xlfn.UNIQUE(BSI!A5:A28))-3 -> 21 | G21: =COUNTA(_xlfn.UNIQUE('PCI Container Guidance'!A5:A69))-16 -> 49 | H21: =COUNTA(_xlfn.UNIQUE('MS TM for K8S'!A5:A39)) -> 35 | I21: =COUNTA(_xlfn.UNIQUE('Kubernetes security checklists'!C5:C81)) -> 76 | J21: =SUM(OWASP!D7:D66) -> 53 | K21: =COUNTA(_xlfn.UNIQUE('KALM-Checks'!B4:B87)) -> 84
B22: Current | C22: =COUNTA(_xlfn.UNIQUE('Overall Matcher'!G3:G1032))-1 -> 131 | D22: =COUNTA(_xlfn.UNIQUE('Overall Matcher'!H3:H1032))-1 -> 23 | E22: =COUNTA(_xlfn.UNIQUE('Overall Matcher'!I3:I1032))-1 -> 88 | F22: =COUNTA(_xlfn.UNIQUE('Overall Matcher'!J3:J1032))-1 -> 10 | G22: =COUNTA(_xlfn.UNIQUE('Overall Matcher'!K3:K1032))-1 -> 31 | H22: =COUNTA(_xlfn.UNIQUE('Overall Matcher'!L3:L1032))-1 -> 22 | I22: =COUNTA(_xlfn.UNIQUE('Overall Matcher'!M3:M1032))-1 -> 60 | J22: =COUNTA(_xlfn.UNIQUE('Overall Matcher'!N3:N1032))-1 -> 24 | K22: =COUNTA(_xlfn.UNIQUE('Overall Matcher'!E3:E1032))-1 -> 77
B23: Not mapped | C23: =C21-C22 -> 0 | D23: =D21-D22 -> 7 | E23: =E21-E22 -> 3 | F23: =F21-F22 -> 11 | G23: =G21-G22 -> 18 | H23: =H21-H22 -> 13 | I23: =I21-I22 -> 16 | J23: =J21-J22 -> 29 | K23: =K21-K22 -> 7
B24: Unmapped % | C24: =1-C22/C21 -> 0 | D24: =1-D22/D21 -> 0.23333333 | E24: =1-E22/E21 -> 0.032967033 | F24: =1-F22/F21 -> 0.52380952 | G24: =1-G22/G21 -> 0.36734694 | H24: =1-H22/H21 -> 0.37142857 | I24: =1-I22/I21 -> 0.21052632 | J24: =1-J22/J21 -> 0.54716981 | K24: =1-K22/K21 -> 0.083333333
B25: Mapped % | C25: =C22/C21 -> 1 | D25: =D22/D21 -> 0.76666667 | E25: =E22/E21 -> 0.96703297 | F25: =F22/F21 -> 0.47619048 | G25: =G22/G21 -> 0.63265306 | H25: =H22/H21 -> 0.62857143 | I25: =I22/I21 -> 0.78947368 | J25: =J22/J21 -> 0.45283019 | K25: =K22/K21 -> 0.91666667

Sheet Overall Matcher
A1: Section | B1: Description | C1: Origin | D1: Origin-Numbering | E1: KALM Benchmark check | G1: CIS Kubernetes 1.12 | H1: NSA-CISA k8s hardening | I1: k8s STIG | J1: BSI | K1: PCI Container Guidance | L1: Microsoft Threat Matrix for Kubernetes | M1: k8s security checklists | N1: OWASP
A2: Control Plane Components
B3: Kubernetes Kubectl cp command must give expected access and results. | C3: k8s STIG | D3: V-242396 | I3: ='K8S STIG'!B26 -> V-242396
B4: Kubernetes DynamicAuditing must not be enabled. | C4: k8s STIG | D4: V-242398 | I4: ='K8S STIG'!B28 -> V-242398
B5: Kubernetes must contain the latest updates as authorized by IAVMs, CTOs, DTMs, and STIGs. | C5: k8s STIG | D5: V-242443 | H5: ='NSA-CISA k8s hardening'!A$38 -> Upgrading and application security practices | I5: ='K8S STIG'!B73 -> V-242443 | K5: ='PCI Container Guidance'!A42 -> 10.1.a | N5: =OWASP!B7 -> Updating Kubernetes
A6: Control Plane Node Configuration Files
B7: Ensure that the API server pod specification file permissions are set to 600 or more restrictive | C7: CIS Kubernetes Benchmark | D7: 1.1.1 | G7: 1.1.1 | I7: ='K8S STIG'!B37 -> V-242408 | J7: =BSI!A$14 -> APP.4.4.A8 | L7: ='MS TM for K8S'!A$23 -> MS-M9016
B8: Ensure that the API server pod specification file ownership is set to root:root | C8: CIS Kubernetes Benchmark | D8: 1.1.2 | G8: 1.1.2 | I8: ='K8S STIG'!B$34 -> V-242405 | J8: =BSI!A$14 -> APP.4.4.A8 | L8: ='MS TM for K8S'!A$23 -> MS-M9016
B9: Ensure that the controller manager pod specification file permissions are set to 600 or more restrictive | C9: CIS Kubernetes Benchmark | D9: 1.1.3 | G9: 1.1.3 | I9: ='K8S STIG'!B$37 -> V-242408 | J9: =BSI!A$14 -> APP.4.4.A8 | L9: ='MS TM for K8S'!A$23 -> MS-M9016
B10: Ensure that the controller manager pod specification file ownership is set to root:root | C10: CIS Kubernetes Benchmark | D10: 1.1.4 | G10: 1.1.4 | I10: ='K8S STIG'!B$34 -> V-242405 | J10: =BSI!A$14 -> APP.4.4.A8 | L10: ='MS TM for K8S'!A$23 -> MS-M9016
B11: Ensure that the scheduler pod specification file permissions are set to 600 or more restrictive | C11: CIS Kubernetes Benchmark | D11: 1.1.5 | G11: 1.1.5 | I11: ='K8S STIG'!B$37 -> V-242408 | J11: =BSI!A$14 -> APP.4.4.A8 | L11: ='MS TM for K8S'!A$23 -> MS-M9016
B12: Ensure that the scheduler pod specification file ownership is set to root:root | C12: CIS Kubernetes Benchmark | D12: 1.1.6 | G12: 1.1.6 | I12: ='K8S STIG'!B$34 -> V-242405 | J12: =BSI!A$14 -> APP.4.4.A8 | L12: ='MS TM for K8S'!A$23 -> MS-M9016
B13: Ensure that the etcd pod specification file permissions are set to 600 or more restrictive | C13: CIS Kubernetes Benchmark | D13: 1.1.7 | G13: 1.1.7 | I13: ='K8S STIG'!B$37 -> V-242408 | J13: =BSI!A$14 -> APP.4.4.A8 | L13: ='MS TM for K8S'!A$23 -> MS-M9016
B14: Ensure that the etcd pod specification file ownership is set to root:root | C14: CIS Kubernetes Benchmark | D14: 1.1.8 | G14: 1.1.8 | I14: ='K8S STIG'!B$34 -> V-242405 | J14: =BSI!A$14 -> APP.4.4.A8 | L14: ='MS TM for K8S'!A$23 -> MS-M9016
B15: Ensure that the Container Network Interface file permissions are set to 600 or more restrictive | C15: CIS Kubernetes Benchmark | D15: 1.1.9 | G15: 1.1.9 | I15: ='K8S STIG'!B$37 -> V-242408 | J15: =BSI!A$14 -> APP.4.4.A8
B16: Ensure that the Container Network Interface file ownership is set to root:root | C16: CIS Kubernetes Benchmark | D16: 1.1.10 | G16: 1.1.10 | I16: ='K8S STIG'!B$34 -> V-242405 | J16: =BSI!A$14 -> APP.4.4.A8
B17: Ensure that the etcd data directory permissions are set to 700 or more restrictive | C17: CIS Kubernetes Benchmark | D17: 1.1.11 | G17: 1.1.11 | I17: ='K8S STIG'!B88 -> V-242459 | J17: =BSI!A$14 -> APP.4.4.A8
B18: Ensure that the etcd data directory ownership is set to etcd:etcd | C18: CIS Kubernetes Benchmark | D18: 1.1.12 | G18: 1.1.12 | I18: ='K8S STIG'!B75 -> V-242445 | J18: =BSI!A$14 -> APP.4.4.A8
B19: Ensure that the default administrative credential file permissions are set to 600 | C19: CIS Kubernetes Benchmark | D19: 1.1.13 | G19: 1.1.13 | H19: ='NSA-CISA k8s hardening'!C$18 -> Kubeconfig Files | I19: ='K8S STIG'!B89 -> V-242460 | J19: =BSI!A$14 -> APP.4.4.A8
B20: Ensure that the default administrative credential file ownership is set to root:root | C20: CIS Kubernetes Benchmark | D20: 1.1.14 | G20: 1.1.14 | H20: ='NSA-CISA k8s hardening'!C$18 -> Kubeconfig Files | I20: ='K8S STIG'!B$76 -> V-242446 | J20: =BSI!A$14 -> APP.4.4.A8
B21: Ensure that the scheduler.conf file permissions are set to 600 or more restrictive | C21: CIS Kubernetes Benchmark | D21: 1.1.15 | G21: 1.1.15 | H21: ='NSA-CISA k8s hardening'!C$18 -> Kubeconfig Files | I21: ='K8S STIG'!B89 -> V-242460 | J21: =BSI!A$14 -> APP.4.4.A8
B22: Ensure that the scheduler.conf file ownership is set to root:root | C22: CIS Kubernetes Benchmark | D22: 1.1.16 | G22: 1.1.16 | H22: ='NSA-CISA k8s hardening'!C$18 -> Kubeconfig Files | I22: ='K8S STIG'!B$76 -> V-242446 | J22: =BSI!A$14 -> APP.4.4.A8
B23: Ensure that the controller-manager.conf file permissions are set to 600 or more restrictive | C23: CIS Kubernetes Benchmark | D23: 1.1.17 | G23: 1.1.17 | H23: ='NSA-CISA k8s hardening'!C$18 -> Kubeconfig Files | I23: ='K8S STIG'!B89 -> V-242460 | J23: =BSI!A$14 -> APP.4.4.A8
B24: Ensure that the controller-manager.conf file ownership is set to root:root | C24: CIS Kubernetes Benchmark | D24: 1.1.18 | G24: 1.1.18 | H24: ='NSA-CISA k8s hardening'!C$18 -> Kubeconfig Files | I24: ='K8S STIG'!B$76 -> V-242446 | J24: =BSI!A$14 -> APP.4.4.A8
B25: Ensure that the Kubernetes PKI directory and file ownership is set to root:root | C25: CIS Kubernetes Benchmark | D25: 1.1.19 | G25: 1.1.19 | I25: ='K8S STIG'!B81 -> V-242451 | J25: =BSI!A$14 -> APP.4.4.A8
B26: Ensure that the Kubernetes PKI certificate file permissions are set to 644 or more restrictive | C26: CIS Kubernetes Benchmark | D26: 1.1.20 | G26: 1.1.20 | I26: ='K8S STIG'!B95 -> V-242466 | J26: =BSI!A$14 -> APP.4.4.A8
B27: Ensure that the Kubernetes PKI key file permissions are set to 600 | C27: CIS Kubernetes Benchmark | D27: 1.1.21 | G27: 1.1.21 | I27: ='K8S STIG'!B96 -> V-242467 | J27: =BSI!A$14 -> APP.4.4.A8
A28: API Server
B29: Ensure that the --anonymous-auth argument is set to false | C29: CIS Kubernetes Benchmark | D29: 1.2.1 | G29: 1.2.1 | H29: ='NSA-CISA k8s hardening'!B$24 -> Authentication | I29: ='K8S STIG'!B20 -> V-242390 | J29: =BSI!A$8 -> APP.4.4.A3 | L29: ='MS TM for K8S'!A$28 -> MS-M9021
B30: Ensure that the --token-auth-file parameter is not set | C30: CIS Kubernetes Benchmark | D30: 1.2.2 | G30: 1.2.2 | I30: ='K8S STIG'!B70 -> V-245543 | K30: ='PCI Container Guidance'!A8 -> 1.3.a | L30: ='MS TM for K8S'!A$28 -> MS-M9021
B31: Ensure that the DenyServiceExternalIPs is set | C31: CIS Kubernetes Benchmark | D31: 1.2.3 | G31: 1.2.3 | H31: ='NSA-CISA k8s hardening'!B16 -> Control plane hardening | K31: ='PCI Container Guidance'!A24 -> 4.2.a | L31: ='MS TM for K8S'!A$15 -> MS-M9008 | M31: ='Kubernetes security checklists'!C16 -> Use of LoadBalancer and ExternalIPs is restricted.
M32: ='Kubernetes security checklists'!C55 -> DenyServiceExternalIPs - Rejects all net-new usage of the Service.spec.externalIPs field. This is a mitigation for CVE-2020-8554: Man in the middle using LoadBalancer or ExternalIPs.
B33: Ensure that the --kubelet-client-certificate and --kubelet-client-key arguments are set as appropriate | C33: CIS Kubernetes Benchmark | D33: 1.2.4 | G33: 1.2.4 | H33: ='NSA-CISA k8s hardening'!B16 -> Control plane hardening | I33: ='K8S STIG'!B71 -> V-245544 | K33: ='PCI Container Guidance'!A25 -> 4.3.a
B34: Ensure that the --kubelet-certificate-authority argument is set as appropriate | C34: CIS Kubernetes Benchmark | D34: 1.2.5 | G34: 1.2.5 | H34: ='NSA-CISA k8s hardening'!B16 -> Control plane hardening | K34: ='PCI Container Guidance'!A29 -> 5.2.a
B35: Ensure that the --authorization-mode argument is not set to AlwaysAllow | C35: CIS Kubernetes Benchmark | D35: 1.2.6 | G35: 1.2.6 | H35: ='NSA-CISA k8s hardening'!B$25 -> Role-based access control | I35: ='K8S STIG'!B21 -> V-242392 | J35: =BSI!A$8 -> APP.4.4.A3 | L35: ='MS TM for K8S'!A$28 -> MS-M9021
B36: Ensure that the --authorization-mode argument includes Node | C36: CIS Kubernetes Benchmark | D36: 1.2.7 | G36: 1.2.7 | I36: ='K8S STIG'!B12 -> V-242382
B37: Ensure that the --authorization-mode argument includes RBAC | C37: CIS Kubernetes Benchmark | D37: 1.2.8 | G37: 1.2.8 | H37: ='NSA-CISA k8s hardening'!B$16 -> Control plane hardening | I37: ='K8S STIG'!B12 -> V-242382 | J37: =BSI!A$8 -> APP.4.4.A3 | L37: ='MS TM for K8S'!A$28 -> MS-M9021 | N37: =OWASP!B17 -> Implementing Role-Based Access Control in Kubernetes
B38: Ensure that the admission control plugin EventRateLimit is set | C38: CIS Kubernetes Benchmark | D38: 1.2.9 | G38: 1.2.9
B39: Ensure that the admission control plugin AlwaysAdmit is not set | C39: CIS Kubernetes Benchmark | D39: 1.2.10 | G39: 1.2.10
B40: Ensure that the admission control plugin AlwaysPullImages is set | C40: CIS Kubernetes Benchmark | D40: 1.2.11 | E40: ='KALM-Checks'!B85 -> SC-001 | G40: 1.2.11 | M40: ='Kubernetes security checklists'!C57 -> AlwaysPullImages - Enforces the usage of the latest version of a tagged image and ensures that the deployer has permissions to use the image.
B41: Ensure that the admission control plugin ServiceAccount is set | C41: CIS Kubernetes Benchmark | D41: 1.2.12 | G41: 1.2.12 | H41: ='NSA-CISA k8s hardening'!B$24 -> Authentication | M41: ='Kubernetes security checklists'!C35 -> Bound service account token volume is in-use instead of non-expiring tokens.
B42: Ensure that the admission control plugin NamespaceLifecycle is set | C42: CIS Kubernetes Benchmark | D42: 1.2.13 | G42: 1.2.13
B43: Ensure that the admission control plugin NodeRestriction is set | C43: CIS Kubernetes Benchmark | D43: 1.2.14 | G43: 1.2.14 | L43: ='MS TM for K8S'!A34 -> MS-M9027 | M43: ='Kubernetes security checklists'!C56 -> NodeRestriction - Restricts kubelet's permissions to only modify the pods API resources they own or the node API resource that represent themselves.
B44: Ensure that the --profiling argument is set to false | C44: CIS Kubernetes Benchmark | D44: 1.2.15 | G44: 1.2.15
B45: Ensure that the --audit-log-path argument is set | C45: CIS Kubernetes Benchmark | D45: 1.2.16 | G45: 1.2.16 | H45: ='NSA-CISA k8s hardening'!C$28 -> Kubernetes native audit logging configuration | I45: ='K8S STIG'!B31 -> V-242402 | K45: ='PCI Container Guidance'!A34 -> 7.1.a
I46: ='K8S STIG'!B94 -> V-242465
B47: Ensure that the --audit-log-maxage argument is set to 30 or as appropriate | C47: CIS Kubernetes Benchmark | D47: 1.2.17 | G47: 1.2.17 | H47: ='NSA-CISA k8s hardening'!C$28 -> Kubernetes native audit logging configuration | I47: ='K8S STIG'!B93 -> V-242464 | K47: ='PCI Container Guidance'!A34 -> 7.1.a
B48: Ensure that the --audit-log-maxbackup argument is set to 10 or as appropriate | C48: CIS Kubernetes Benchmark | D48: 1.2.18 | G48: 1.2.18 | H48: ='NSA-CISA k8s hardening'!$C$34 -> Fault tolerance | I48: ='K8S STIG'!B92 -> V-242463 | K48: ='PCI Container Guidance'!A34 -> 7.1.a
B49: Ensure that the --audit-log-maxsize argument is set to 100 or as appropriate | C49: CIS Kubernetes Benchmark | D49: 1.2.19 | G49: 1.2.19 | H49: ='NSA-CISA k8s hardening'!$C$34 -> Fault tolerance | I49: ='K8S STIG'!B91 -> V-242462 | K49: ='PCI Container Guidance'!A34 -> 7.1.a
B50: Ensure that the --request-timeout argument is set as appropriate | C50: CIS Kubernetes Benchmark | D50: 1.2.20 | G50: 1.2.20 | I50: ='K8S STIG'!B68 -> V-242438
B51: Ensure that the --service-account-lookup argument is set to true | C51: CIS Kubernetes Benchmark | D51: 1.2.21 | G51: 1.2.21
B52: Ensure that the --service-account-key-file argument is set as appropriate | C52: CIS Kubernetes Benchmark | D52: 1.2.22 | G52: 1.2.22 | K52: ='PCI Container Guidance'!A8 -> 1.3.a | M52: ='Kubernetes security checklists'!C35 -> Bound service account token volume is in-use instead of non-expiring tokens.
B53: Ensure that the --etcd-certfile and --etcd-keyfile arguments are set as appropriate | C53: CIS Kubernetes Benchmark | D53: 1.2.23 | G53: 1.2.23 | I53: {='K8S STIG'!B59:B60} -> V-242430 | K53: ='PCI Container Guidance'!A25 -> 4.3.a
I54: V-242431
B55: Ensure that the --tls-cert-file and --tls-private-key-file arguments are set as appropriate | C55: CIS Kubernetes Benchmark | D55: 1.2.24 | G55: 1.2.24 | H55: ='NSA-CISA k8s hardening'!B$16 -> Control plane hardening | I55: ='K8S STIG'!B51 -> V-242422 | K55: ='PCI Container Guidance'!A25 -> 4.3.a
B56: Ensure that the --client-ca-file argument is set as appropriate | C56: CIS Kubernetes Benchmark | D56: 1.2.25 | G56: 1.2.25 | H56: ='NSA-CISA k8s hardening'!B$16 -> Control plane hardening | I56: ='K8S STIG'!B49 -> V-242419 | K56: ='PCI Container Guidance'!A29 -> 5.2.a | L56: ='MS TM for K8S'!A$28 -> MS-M9021
B57: Ensure that the --etcd-cafile argument is set as appropriate | C57: CIS Kubernetes Benchmark | D57: 1.2.26 | G57: 1.2.26 | H57: ='NSA-CISA k8s hardening'!B$16 -> Control plane hardening | I57: ='K8S STIG'!B58 -> V-242429 | K57: ='PCI Container Guidance'!A29 -> 5.2.a | L57: ='MS TM for K8S'!A$28 -> MS-M9021
B58: Ensure that the --encryption-provider-config argument is set as appropriate | C58: CIS Kubernetes Benchmark | D58: 1.2.27 | G58: 1.2.27 | H58: ='NSA-CISA k8s hardening'!B$21 -> Secrets | J58: =BSI!A$27 -> APP.4.4.A20 | M58: ='Kubernetes security checklists'!C32 -> Encryption at rest is configured for the Secret API. | N58: =OWASP!C44 -> Encrypt secrets at rest
B59: Ensure that encryption providers are appropriately configured | C59: CIS Kubernetes Benchmark | D59: 1.2.28 | G59: 1.2.28 | H59: ='NSA-CISA k8s hardening'!B$21 -> Secrets | J59: =BSI!A$27 -> APP.4.4.A20 | M59: ='Kubernetes security checklists'!C32 -> Encryption at rest is configured for the Secret API. | N59: =OWASP!C44 -> Encrypt secrets at rest
B60: Ensure that the API Server only makes use of Strong Cryptographic Ciphers | C60: CIS Kubernetes Benchmark | D60: 1.2.29 | G60: 1.2.29 | H60: ='NSA-CISA k8s hardening'!B$16 -> Control plane hardening | I60: ='K8S STIG'!B47 -> V-242418 | K60: ='PCI Container Guidance'!A25 -> 4.3.a
B61: Ensure that the --service-account-extend-token-expiration parameter is set to false | C61: CIS Kubernetes Benchmark | D61: 1.2.30 | G61: 1.2.30 | M61: ='Kubernetes security checklists'!C35 -> Bound service account token volume is in-use instead of non-expiring tokens.
B62: The Kubernetes API Server must use TLS 1.2, at a minimum | C62: k8s STIG | D62: V-242378 | H62: ='NSA-CISA k8s hardening'!B$20 -> Encryption | I62: ='K8S STIG'!B8 -> V-242378 | K62: ='PCI Container Guidance'!A25 -> 4.3.a
B63: The Kubernetes API server must have the insecure port flag disabled. | C63: k8s STIG | D63: V-242386 | H63: ='NSA-CISA k8s hardening'!B$16 -> Control plane hardening | I63: ='K8S STIG'!B16 -> V-242386 | K63: ='PCI Container Guidance'!A25 -> 4.3.a | L63: ='MS TM for K8S'!A$15 -> MS-M9008
B64: The Kubernetes API server must have the insecure bind address not set. | C64: k8s STIG | D64: V-242388 | H64: ='NSA-CISA k8s hardening'!B$16 -> Control plane hardening | I64: {='K8S STIG'!B18:B19} -> V-242388 | K64: ='PCI Container Guidance'!A25 -> 4.3.a | L64: ='MS TM for K8S'!A$15 -> MS-M9008
B65: The Kubernetes API server must have the secure port set. | C65: k8s STIG | D65: V-242389 | H65: ='NSA-CISA k8s hardening'!B$16 -> Control plane hardening | I65: V-242389 | K65: ='PCI Container Guidance'!A25 -> 4.3.a | L65: ='MS TM for K8S'!A$15 -> MS-M9008
B66: The Kubernetes API server must have Alpha APIs disabled. | C66: k8s STIG | D66: V-242400 | I66: ='K8S STIG'!B30 -> V-242400
B67: The Kubernetes API Server must enforce ports, protocols, and services | C67: k8s STIG | D67: V-242410 | I67: ='K8S STIG'!B39 -> V-242410 | L67: ='MS TM for K8S'!A$15 -> MS-M9008
B68: The Kubernetes API server must have the ValidatingAdmissionWebhook enabled. | C68: k8s STIG | D68: V-242436 | I68: ='K8S STIG'!B64 -> V-242436 | M68: ='Kubernetes security checklists'!C54 -> ValidatingAdmissionWebhook - Allows the use of custom controllers through webhooks, these controllers do not mutate requests that it reviews.
B69: CertificateApproval admission controller should be enabled | M69: ='Kubernetes security checklists'!C47 -> CertificateApproval - Performs additional authorization checks to ensure the approving user has permission to approve certificate request.
B70: CertificateSigning admission controller should be enabled | M70: ='Kubernetes security checklists'!C48 -> CertificateSigning - Performs additional authorization checks to ensure the signing user has permission to sign certificate requests.
B71: CertificateSubjectRestriction admission controller should be enabled | M71: ='Kubernetes security checklists'!C49 -> CertificateSubjectRestriction - Rejects any certificate request that specifies a 'group' (or 'organization attribute') of system:masters.
B72: LimitRanger admission controller should be enabled | M72: ='Kubernetes security checklists'!C50 -> LimitRanger - Enforces the LimitRange API constraints.
B73: MutatingAdmissionWebhook admission controller should be enabled | M73: ='Kubernetes security checklists'!C51 -> MutatingAdmissionWebhook - Allows the use of custom controllers through webhooks, these controllers may mutate requests that they review.
B74: ResourceQuota admission controller should be enabled | M74: ='Kubernetes security checklists'!C53 -> ResourceQuota - Enforces resource quotas to prevent over-usage of resources.
B75: Kubernetes must have a Pod Security Admission control file configured. | C75: k8s STIG | D75: V-254800 | I75: ='K8S STIG'!B67 -> V-254800 | L75: ='MS TM for K8S'!A$24 -> MS-M9017 | M75: ='Kubernetes security checklists'!C52 -> PodSecurity - Replacement for Pod Security Policy, restricts security contexts of deployed Pods.
B76: Kubernetes API Server must disable basic authentication to protect information in transit. | C76: k8s STIG | D76: V-245542 | H76: ='NSA-CISA k8s hardening'!B$16 -> Control plane hardening | I76: ='K8S STIG'!B69 -> V-245542 | L76: ='MS TM for K8S'!A$28 -> MS-M9021
B77: External Internet access to the Kubernetes API server should be restricted to not expose the API publicly | C77: k8s security checklist | H77: Control plane hardening | J77: =BSI!A13 -> APP.4.4.A7 | K77: ='PCI Container Guidance'!A24 -> 4.2.a | L77: ='MS TM for K8S'!A6 -> MS-M9002 | M77: ='Kubernetes security checklists'!C20 -> External Internet access to the Kubernetes API server should be restricted to not expose the API publicly | N77: =OWASP!B12 -> Controlling Network Access to Sensitive Ports
B78: External API Authentication for Kubernetes | L78: ='MS TM for K8S'!A13 -> MS-M9006 | N78: =OWASP!C15 -> External API Authentication for Kubernetes
A79: Controller Manager
B80: Ensure that the --terminated-pod-gc-threshold argument is set as appropriate | C80: CIS Kubernetes Benchmark | D80: 1.3.1 | G80: 1.3.1
B81: Ensure that the --profiling argument is set to false | C81: CIS Kubernetes Benchmark | D81: 1.3.2 | G81: 1.3.2 | I81: ='K8S STIG'!B38 -> V-242409
B82: Ensure that the --use-service-account-credentials argument is set to true | C82: CIS Kubernetes Benchmark | D82: 1.3.3 | G82: 1.3.3 | H82: ='NSA-CISA k8s hardening'!B$24 -> Authentication | I82: ='K8S STIG'!B11 -> V-242381 | K82: ='PCI Container Guidance'!A7 -> 1.2.a | M82: ='Kubernetes security checklists'!C6 -> The kube-controller-manager is running with --use-service-account-credentials enabled.
B83: Ensure that the --service-account-private-key-file argument is set as appropriate | C83: CIS Kubernetes Benchmark | D83: 1.3.4 | G83: 1.3.4 | K83: ='PCI Container Guidance'!A8 -> 1.3.a
B84: Ensure that the --root-ca-file argument is set as appropriate | C84: CIS Kubernetes Benchmark | D84: 1.3.5 | G84: 1.3.5 | H84: ='NSA-CISA k8s hardening'!B$16 -> Control plane hardening | I84: ='K8S STIG'!B50 -> V-242421 | K84: ='PCI Container Guidance'!A29 -> 5.2.a
B85: Ensure that the RotateKubeletServerCertificate argument is set to true | C85: CIS Kubernetes Benchmark | D85: 1.3.6 | G85: 1.3.6 | K85: ='PCI Container Guidance'!A28 -> 5.1.b
B86: Ensure that the --bind-address argument is set to 127.0.0.1 | C86: CIS Kubernetes Benchmark | D86: 1.3.7 | G86: 1.3.7 | H86: ='NSA-CISA k8s hardening'!B$16 -> Control plane hardening | I86: ='K8S STIG'!B15 -> V-242385 | K86: ='PCI Container Guidance'!A24 -> 4.2.a | L86: ='MS TM for K8S'!A$15 -> MS-M9008
B87: The Kubernetes Controller Manager must use TLS 1.2, at a minimum | C87: k8s STIG | D87: V-242376 | H87: ='NSA-CISA k8s hardening'!B$20 -> Encryption | I87: ='K8S STIG'!B6 -> V-242376 | K87: ='PCI Container Guidance'!A25 -> 4.3.a
B88: The Kubernetes Controllers must enforce ports, protocols, and services | C88: k8s STIG | D88: V-242412 | I88: ='K8S STIG'!B41 -> V-242412 | J88: =BSI!A13 -> APP.4.4.A7 | K88: ='PCI Container Guidance'!A24 -> 4.2.a | L88: ='MS TM for K8S'!A$15 -> MS-M9008 | N88: =OWASP!B12 -> Controlling Network Access to Sensitive Ports
A89: Scheduler
B90: Ensure that the --profiling argument is set to false | C90: CIS Kubernetes Benchmark | D90: 1.4.1 | G90: 1.4.1
B91: Ensure that the --bind-address argument is set to 127.0.0.1 | C91: CIS Kubernetes Benchmark | D91: 1.4.2 | G91: 1.4.2 | H91: ='NSA-CISA k8s hardening'!B$16 -> Control plane hardening | I91: ='K8S STIG'!B14 -> V-242384 | K91: ='PCI Container Guidance'!A24 -> 4.2.a | L91: ='MS TM for K8S'!A$15 -> MS-M9008
B92: The Kubernetes Scheduler must use TLS 1.2, at a minimum | C92: k8s STIG | D92: V-242377 | H92: ='NSA-CISA k8s hardening'!B$20 -> Encryption | I92: V-242377 | K92: ='PCI Container Guidance'!A25 -> 4.3.a
B93: The Kubernetes Scheduler must enforce ports, protocols, and services | C93: k8s STIG | D93: V-242411 | I93: ='K8S STIG'!B40 -> V-242411 | L93: ='MS TM for K8S'!A$15 -> MS-M9008 | N93: =OWASP!B12 -> Controlling Network Access to Sensitive Ports
A94: etcd
B95: Ensure that the --cert-file and --key-file arguments are set as appropriate | C95: CIS Kubernetes Benchmark | D95: 2.1 | G95: 2.1 | H95: ='NSA-CISA k8s hardening'!C$17 -> Etcd | I95: {='K8S STIG'!B56:B57} -> V-242427 | K95: ='PCI Container Guidance'!A25 -> 4.3.a | L95: ='MS TM for K8S'!A31 -> MS-M9024 | M95: ='Kubernetes security checklists'!C18 -> mutual TLS (mTLS) should be used to communicate securely with etcd
I96: V-242428
B97: Ensure that the --client-cert-auth argument is set to true | C97: CIS Kubernetes Benchmark | D97: 2.2 | G97: 2.2 | H97: ='NSA-CISA k8s hardening'!C$17 -> Etcd | I97: ='K8S STIG'!B52 -> V-242423 | K97: ='PCI Container Guidance'!A25 -> 4.3.a | L97: ='MS TM for K8S'!A$31 -> MS-M9024 | M97: ='Kubernetes security checklists'!C18 -> mutual TLS (mTLS) should be used to communicate securely with etcd
B98: Ensure that the --auto-tls argument is not set to true | C98: CIS Kubernetes Benchmark | D98: 2.3 | G98: 2.3 | H98: ='NSA-CISA k8s hardening'!C$17 -> Etcd | I98: ='K8S STIG'!B9 -> V-242379 | K98: ='PCI Container Guidance'!A25 -> 4.3.a | L98: ='MS TM for K8S'!A$31 -> MS-M9024 | M98: ='Kubernetes security checklists'!C18 -> mutual TLS (mTLS) should be used to communicate securely with etcd
B99: Ensure that the --peer-cert-file and --peer-key-file arguments are set as appropriate | C99: CIS Kubernetes Benchmark | D99: 2.4 | G99: 2.4 | H99: ='NSA-CISA k8s hardening'!C$17 -> Etcd | I99: {='K8S STIG'!B61:B62} -> V-242432 | K99: ='PCI Container Guidance'!A25 -> 4.3.a | L99: ='MS TM for K8S'!A$31 -> MS-M9024 | M99: ='Kubernetes security checklists'!C18 -> mutual TLS (mTLS) should be used to communicate securely with etcd
I100: V-242433
...

Sheet KALM-Checks
B1: KALM Benchmark Implementations
B3: Numbering | C3: Category | D3: Description
A4: =MATCH(B4, 'Overall Matcher'!$E$3:$E$1023, 0) -> 238 | B4: CM-001 | C4: ConfigMap | D4: storing secretes in ConfigMap
A5: =MATCH(B5, 'Overall Matcher'!$E$3:$E$1023, 0) -> 229 | B5: NP-001 | C5: Network Policy | D5: Namespace without network policy
A6: =MATCH(B6, 'Overall Matcher'!$E$3:$E$1023, 0) -> 231 | B6: NP-002 | C6: Network Policy | D6: network policy blocking ingress and egress
A7: =MATCH(B7, 'Overall Matcher'!$E$3:$E$1023, 0) -> 232 | B7: NP-003 | C7: Network Policy | D7: network policy allowing access to cloud metadata API
A8: =MATCH(B8, 'Overall Matcher'!$E$3:$E$1023, 0) -> 230 | B8: NP-004 | C8: Network Policy | D8: network policy allowing access to kubelet
A9: =MATCH(B9, 'Overall Matcher'!$E$3:$E$1023, 0) -> #N/A | B9: NP-005 | C9: Network Policy | D9: network policy refering to non-existing workload
A10: =MATCH(B10, 'Overall Matcher'!$E$3:$E$1023, 0) -> 250 | B10: NS-001 | C10: Namespace | D10: do not place pods in default namespace
A11: =MATCH(B11, 'Overall Matcher'!$E$3:$E$1023, 0) -> 243 | B11: NS-002 | C11: Namespace | D11: do not place pods in existing namespaces
A12: =MATCH(B12, 'Overall Matcher'!$E$3:$E$1023, 0) -> 159 | B12: POD-002 | C12: Pod Security Standards | D12: do not use default serviceAccount
A13: =MATCH(B13, 'Overall Matcher'!$E$3:$E$1023, 0) -> 161 | B13: POD-003 | C13: Pod Security Standards | D13: automountServiceAccountToken
A14: =MATCH(B14, 'Overall Matcher'!$E$3:$E$1023, 0) -> 185 | B14: POD-008 | C14: Pod Security Standards | D14: minimize usage of hostPID
A15: =MATCH(B15, 'Overall Matcher'!$E$3:$E$1023, 0) -> 186 | B15: POD-009 | C15: Pod Security Standards | D15: minimize usage of hostIPC
... A17: =MATCH(B17, 'Overall Matcher'!$E$3:$E$1023, 0) -> 205 | B17: POD-011 | C17: Pod Security Standards | D17: minimize usage of hostPorts
A18: =MATCH(B18, 'Overall Matcher'!$E$3:$E$1023, 0) -> #N/A | B18: POD-012 | C18: Pod Security Standards | D18: managing /etc/hosts can prevent Docker from modifying it | E18: (deprecated?)
A19: =MATCH(B19, 'Overall Matcher'!$E$3:$E$1023, 0) -> #N/A | B19: POD-013 | C19: Pod Security Standards | D19: use of deprecated serviceAccount instead of serviceAccountName
A20: =MATCH(B20, 'Overall Matcher'!$E$3:$E$1023, 0) -> 222 | B20: POD-014 | C20: Pod Security Standards | D20: use apparmor
A21: =MATCH(B21, 'Overall Matcher'!$E$3:$E$1023, 0) -> 245 | B21: POD-015 | C21: Pod Security Standards | D21: use seccomp
A22: =MATCH(B22, 'Overall Matcher'!$E$3:$E$1023, 0) -> 248 | B22: POD-016 | C22: Pod Security Standards | D22: podSecurityContext
A23: =MATCH(B23, 'Overall Matcher'!$E$3:$E$1023, 0) -> 190 | B23: POD-017 | C23: Pod Security Standards | D23: runAsNonRoot
A24: =MATCH(B24, 'Overall Matcher'!$E$3:$E$1023, 0) -> 191 | B24: POD-018 | C24: Pod Security Standards | D24: runAsUser
A25: =MATCH(B25, 'Overall Matcher'!$E$3:$E$1023, 0) -> 192 | B25: POD-019 | C25: Pod Security Standards | D25: do not run with default GID 0
A26: =MATCH(B26, 'Overall Matcher'!$E$3:$E$1023, 0) -> #N/A | B26: POD-021 | C26: Pod Security Standards | D26: do not use unsafe sysctls | E26: for refinement see https://kubernetes.io/docs/tasks/administer-cluster/sysctl-cluster/
A27: =MATCH(B27, 'Overall Matcher'!$E$3:$E$1023, 0) -> 223 | B27: POD-022 | C27: Pod Security Standards | D27: hardening via apparmor or selinux or seccomp
A28: =MATCH(B28, 'Overall Matcher'!$E$3:$E$1023, 0) -> 246 | B28: POD-023 | C28: Pod Security Standards | D28: not providing a seccomp profile allows more capabilities than necessary | E28: needs refinement
A29: =MATCH(B29, 'Overall Matcher'!$E$3:$E$1023, 0) -> #N/A | B29: POD-024 | C29: Pod Security Standards | D29: attackers who can run a cmd/bash script can use it to execute malicious code
A30: =MATCH(B30, 'Overall Matcher'!$E$3:$E$1023, 0) -> 235 | B30: POD-025 | C30: Pod Security Standards | D30: do not use secrets in environment variables
A31: =MATCH(B31, 'Overall Matcher'!$E$3:$E$1023, 0) -> 249 | B31: POD-030 | C31: Pod Security Standards | D31: no security context
A32: =MATCH(B32, 'Overall Matcher'!$E$3:$E$1023, 0) -> 188 | B32: POD-031 | C32: Pod Security Standards | D32: allowPrivilegeEscalation
A33: =MATCH(B33, 'Overall Matcher'!$E$3:$E$1023, 0) -> 184 | B33: POD-032 | C33: Pod Security Standards | D33: privileged container
A34: =MATCH(B34, 'Overall Matcher'!$E$3:$E$1023, 0) -> 207 | B34: POD-033 | C34: Pod Security Standards | D34: immutable file system should be used
A35: =MATCH(B35, 'Overall Matcher'!$E$3:$E$1023, 0) -> 196 | B35: POD-034 | C35: Pod Security Standards | D35: adding dangerous capabilities
A36: =MATCH(B36, 'Overall Matcher'!$E$3:$E$1023, 0) -> 198 | B36: POD-035 | C36: Pod Security Standards | D36: adding insecure capabilities
A37: =MATCH(B37, 'Overall Matcher'!$E$3:$E$1023, 0) -> 199 | B37: POD-036 | C37: Pod Security Standards | D37: keep default capabilities
A38: =MATCH(B38, 'Overall Matcher'!$E$3:$E$1023, 0) -> 201 | B38: POD-042 | C38: Pod Security Standards | D38: mount of hostPath
A39: =MATCH(B39, 'Overall Matcher'!$E$3:$E$1023, 0) -> 202 | B39: POD-043 | C39: Pod Security Standards | D39: mount of azure credentials file | E39: rework description in rule
A40: =MATCH(B40, 'Overall Matcher'!$E$3:$E$1023, 0) -> 203 | B40: POD-044 | C40: Pod Security Standards | D40: mount of docker socket
A41: =MATCH(B41, 'Overall Matcher'!$E$3:$E$1023, 0) -> 204 | B41: POD-045 | C41: Pod Security Standards | D41: Volume mount with subPath or subPathExpr
A42: =MATCH(B42, 'Overall Matcher'!$E$3:$E$1023, 0) -> 200 | B42: POD-046 | C42: Pod Security Standards | D42: Minimize the admission of Windows HostProcess
A43: =MATCH(B43, 'Overall Matcher'!$E$3:$E$1023, 0) -> 218 | B43: PS-001 | C43: Pod Security | D43: A pod security level should be specified for the namespace
A44: =MATCH(B44, 'Overall Matcher'!$E$3:$E$1023, 0) -> 220 | B44: PS-002 | C44: Pod Security | D44: Privileged pod security level imposes no restrictions
A45: =MATCH(B45, 'Overall Matcher'!$E$3:$E$1023, 0) -> 217 | B45: PSA-001 | C45: Pod Security Admission | D45: A pod security level should be specified for the namespace
A46: =MATCH(B46, 'Overall Matcher'!$E$3:$E$1023, 0) -> 219 | B46: PSA-002 | C46: Pod Security Admission | D46: Privileged pod security level on namespaces imposes no restrictions
A47: =MATCH(B47, 'Overall Matcher'!$E$3:$E$1023, 0) -> 221 | B47: PSA-003 | C47: Pod Security Admission | D47: Warnings do not prevent deployment of insecure workloads
A48: =MATCH(B48, 'Overall Matcher'!$E$3:$E$1023, 0) -> 154 | B48: RBAC-001 | C48: RBAC | D48: Ensure cluster-admin is only used where required
A49: =MATCH(B49, 'Overall Matcher'!$E$3:$E$1023, 0) -> 155 | B49: RBAC-002 | C49: RBAC | D49: Minimize access to secrets
A50: =MATCH(B50, 'Overall Matcher'!$E$3:$E$1023, 0) -> 156 | B50: RBAC-003 | C50: RBAC | D50: Minimize wildcard use in Roles and ClusterRoles
A51: =MATCH(B51, 'Overall Matcher'!$E$3:$E$1023, 0) -> 157 | B51: RBAC-004 | C51: RBAC | D51: Minimize permissions to create pods
... A60: =MATCH(B60, 'Overall Matcher'!$E$3:$E$1023, 0) -> 178 | B60: RBAC-014 | C60: RBAC | D60: Do not delete Kubernetes events
A61: =MATCH(B61, 'Overall Matcher'!$E$3:$E$1023, 0) -> 174 | B61: RBAC-015 | C61: RBAC | D61: Minimize access to configmaps | E61: needs refinement
A62: =MATCH(B62, 'Overall Matcher'!$E$3:$E$1023, 0) -> 179 | B62: RBAC-016 | C62: RBAC | D62: All service accounts should be bound to roles
A63: =MATCH(B63, 'Overall Matcher'!$E$3:$E$1023, 0) -> 173 | B63: RBAC-017 | C63: RBAC | D63: Too many roles per subject
A64: =MATCH(B64, 'Overall Matcher'!$E$3:$E$1023, 0) -> 166 | B64: RBAC-020 | C64: RBAC | D64: Minimize access to escalate privileges
A65: =MATCH(B65, 'Overall Matcher'!$E$3:$E$1023, 0) -> 167 | B65: RBAC-021 | C65: RBAC | D65: Minimize access to create persistent volumes
A66: =MATCH(B66, 'Overall Matcher'!$E$3:$E$1023, 0) -> 172 | B66: RBAC-022 | C66: RBAC | D66: Minimize access to network policies
A67: =MATCH(B67, 'Overall Matcher'!$E$3:$E$1023, 0) -> 168 | B67: RBAC-023 | C67: RBAC | D67: Minimize access to proxy sub-resource
A68: =MATCH(B68, 'Overall Matcher'!$E$3:$E$1023, 0) -> 169 | B68: RBAC-024 | C68: RBAC | D68: Minimize access to approval sub-resource
A69: =MATCH(B69, 'Overall Matcher'!$E$3:$E$1023, 0) -> 170 | B69: RBAC-025 | C69: RBAC | D69: Minimize access to webhook configurations
A70: =MATCH(B70, 'Overall Matcher'!$E$3:$E$1023, 0) -> 171 | B70: RBAC-026 | C70: RBAC | D70: Minimize access to create service account tokens
A71: =MATCH(B71, 'Overall Matcher'!$E$3:$E$1023, 0) -> 181 | B71: RBAC-027 | C71: RBAC | D71: Bindings to system:anonymous and system:unauthenticated should be reviewed
A72: =MATCH(B72, 'Overall Matcher'!$E$3:$E$1023, 0) -> 257 | B72: REL-001 | C72: Reliability | D72: No readiness probe configured
A73: =MATCH(B73, 'Overall Matcher'!$E$3:$E$1023, 0) -> 258 | B73: REL-002 | C73: Reliability | D73: No liveness probe configured
... A87: =MATCH(B87, 'Overall Matcher'!$E$3:$E$1023, 0) -> #N/A | B87: WL-001 | C87: Workload | D87: Unmanaged Pods

Sheet CIS Kubernetes 1.12
A1: Title | B1: CIS Kubernetes Benchmark | L1: 0.395 (local) | M1: 0.45 (multi auth) | N1: 0.35 (high) | O1: 0.0 (none) | P1: 0.0 (none) | Q1: 0.0 (none)
A2: Version | B2: 1.12 | L2: 0.646 (adj) | M2: 0.56 (single auth) | N2: 0.61 (medium) | O2: 0.275 (partial) | P2: 0.275 (partial) | Q2: 0.275 (partial)
L3: 1.0 (network) | M3: 0.704 (no auth) | N3: 0.71 (low) | O3: 0.660 (complete) | P3: 0.660 (complete) | Q3: 0.660 (complete)
A5: Section | B5: Subsection | C5: Numbering | D5: Title | E5: Automated | F5: CCSS rating | G5: CCSS score | H5: Exploitability | I5: f(Impact) | J5: Impact | K5: CCSS score (by M365 Copilot) | L5: AccessVector | M5: Authentication | N5: AccessComplexity | O5: Confidentiality | P5: Availability | Q5: Integrity
A6: Control Plane Components | C6: 1
B7: Control Plane Node Configuration Files | C7: 1.1
C8: 1.1.1 | D8: Ensure that the API server pod specification file permissions are set to 600 or more restrictive | E8: 1 | F8: =IF(G8=0, "NONE", IF(G8<4, "LOW", IF(G8<7, "MEDIUM", IF(G8<9, "HIGH", "CRITICAL")))) -> LOW | G8: =ROUND(((0.6*J8)+(0.4*H8)-1.5)*I8,1) -> 3 | H8: =20*L8*M8*N8 -> 2.69864 | I8: =IF(J8=0, 0, 1.176) -> 1.176 | J8: =10.41*(1-(1-O8)*(1-P8)*(1-Q8)) -> 4.9382437 | L8: 0.395 | M8: 0.56 | N8: 0.61 | O8: 0.275 | P8: 0 | Q8: 0.275
C9: 1.1.2 | D9: Ensure that the API server pod specification file ownership is set to root:root | E9: 1 | F9: =IF(G9=0, "NONE", IF(G9<4, "LOW", IF(G9<7, "MEDIUM", IF(G9<9, "HIGH", "CRITICAL")))) -> LOW | G9: =ROUND(((0.6*J9)+(0.4*H9)-1.5)*I9,1) -> 3 | H9: =20*L9*M9*N9 -> 2.69864 | I9: =IF(J9=0, 0, 1.176) -> 1.176 | J9: =10.41*(1-(1-O9)*(1-P9)*(1-Q9)) -> 4.9382437 | L9: 0.395 | M9: 0.56 | N9: 0.61 | O9: 0.275 | P9: 0 | Q9: 0.275
C10: 1.1.3 | D10: Ensure that the controller manager pod specification file permissions are set to 600 or more restrictive | E10: 1 | F10: =IF(G10=0, "NONE", IF(G10<4, "LOW", IF(G10<7, "MEDIUM", IF(G10<9, "HIGH", "CRITICAL")))) -> LOW | G10: =ROUND(((0.6*J10)+(0.4*H10)-1.5)*I10,1) -> 3 | H10: =20*L10*M10*N10 -> 2.69864 | I10: =IF(J10=0, 0, 1.176) -> 1.176 | J10: =10.41*(1-(1-O10)*(1-P10)*(1-Q10)) -> 4.9382437 | L10: 0.395 | M10: 0.56 | N10: 0.61 | O10: 0.275 | P10: 0 | Q10: 0.275
C11: 1.1.4 | D11: Ensure that the controller manager pod specification file ownership is set to root:root | E11: 1 | F11: =IF(G11=0, "NONE", IF(G11<4, "LOW", IF(G11<7, "MEDIUM", IF(G11<9, "HIGH", "CRITICAL")))) -> LOW | G11: =ROUND(((0.6*J11)+(0.4*H11)-1.5)*I11,1) -> 3 | H11: =20*L11*M11*N11 -> 2.69864 | I11: =IF(J11=0, 0, 1.176) -> 1.176 | J11: =10.41*(1-(1-O11)*(1-P11)*(1-Q11)) -> 4.9382437 | L11: 0.395 | M11: 0.56 | N11: 0.61 | O11: 0.275 | P11: 0 | Q11: 0.275
C12: 1.1.5 | D12: Ensure that the scheduler pod specification file permissions are set to 600 or more restrictive | E12: 1 | F12: =IF(G12=0, "NONE", IF(G12<4, "LOW", IF(G12<7, "MEDIUM", IF(G12<9, "HIGH", "CRITICAL")))) -> LOW | G12: =ROUND(((0.6*J12)+(0.4*H12)-1.5)*I12,1) -> 3 | H12: =20*L12*M12*N12 -> 2.69864 | I12: =IF(J12=0, 0, 1.176) -> 1.176 | J12: =10.41*(1-(1-O12)*(1-P12)*(1-Q12)) -> 4.9382437 | L12: 0.395 | M12: 0.56 | N12: 0.61 | O12: 0.275 | P12: 0 | Q12: 0.275
C13: 1.1.6 | D13: Ensure that the scheduler pod specification file ownership is set to root:root | E13: 1 | F13: =IF(G13=0, "NONE", IF(G13<4, "LOW", IF(G13<7, "MEDIUM", IF(G13<9, "HIGH", "CRITICAL")))) -> LOW | G13: =ROUND(((0.6*J13)+(0.4*H13)-1.5)*I13,1) -> 3 | H13: =20*L13*M13*N13 -> 2.69864 | I13: =IF(J13=0, 0, 1.176) -> 1.176 | J13: =10.41*(1-(1-O13)*(1-P13)*(1-Q13)) -> 4.9382437 | L13: 0.395 | M13: 0.56 | N13: 0.61 | O13: 0.275 | P13: 0 | Q13: 0.275
C14: 1.1.7 | D14: Ensure that the etcd pod specification file permissions are set to 600 or more restrictive | E14: 1 | F14: =IF(G14=0, "NONE", IF(G14<4, "LOW", IF(G14<7, "MEDIUM", IF(G14<9, "HIGH", "CRITICAL")))) -> LOW | G14: =ROUND(((0.6*J14)+(0.4*H14)-1.5)*I14,1) -> 3 | H14: =20*L14*M14*N14 -> 2.69864 | I14: =IF(J14=0, 0, 1.176) -> 1.176 | J14: =10.41*(1-(1-O14)*(1-P14)*(1-Q14)) -> 4.9382437 | L14: 0.395 | M14: 0.56 | N14: 0.61 | O14: 0.275 | P14: 0 | Q14: 0.275
C15: 1.1.8 | D15: Ensure that the etcd pod specification file ownership is set to root:root | E15: 1 | F15: =IF(G15=0, "NONE", IF(G15<4, "LOW", IF(G15<7, "MEDIUM", IF(G15<9, "HIGH", "CRITICAL")))) -> LOW | G15: =ROUND(((0.6*J15)+(0.4*H15)-1.5)*I15,1) -> 3 | H15: =20*L15*M15*N15 -> 2.69864 | I15: =IF(J15=0, 0, 1.176) -> 1.176 | J15: =10.41*(1-(1-O15)*(1-P15)*(1-Q15)) -> 4.9382437 | L15: 0.395 | M15: 0.56 | N15: 0.61 | O15: 0.275 | P15: 0 | Q15: 0.275
C16: 1.1.9 | D16: Ensure that the Container Network Interface file permissions are set to 600 or more restrictive | E16: 0 | F16: =IF(G16=0, "NONE", IF(G16<4, "LOW", IF(G16<7, "MEDIUM", IF(G16<9, "HIGH", "CRITICAL")))) -> LOW | G16: =ROUND(((0.6*J16)+(0.4*H16)-1.5)*I16,1) -> 3 | H16: =20*L16*M16*N16 -> 2.69864 | I16: =IF(J16=0, 0, 1.176) -> 1.176 | J16: =10.41*(1-(1-O16)*(1-P16)*(1-Q16)) -> 4.9382437 | L16: 0.395 | M16: 0.56 | N16: 0.61 | O16: 0.275 | P16: 0 | Q16: 0.275
C17: 1.1.10 | D17: Ensure that the Container Network Interface file ownership is set to root:root | E17: 0 | F17: =IF(G17=0, "NONE", IF(G17<4, "LOW", IF(G17<7, "MEDIUM", IF(G17<9, "HIGH", "CRITICAL")))) -> LOW | G17: =ROUND(((0.6*J17)+(0.4*H17)-1.5)*I17,1) -> 3 | H17: =20*L17*M17*N17 -> 2.69864 | I17: =IF(J17=0, 0, 1.176) -> 1.176 | J17: =10.41*(1-(1-O17)*(1-P17)*(1-Q17)) -> 4.9382437 | L17: 0.395 | M17: 0.56 | N17: 0.61 | O17: 0.275 | P17: 0 | Q17: 0.275
C18: 1.1.11 | D18: Ensure that the etcd data directory permissions are set to 700 or more restrictive | E18: 1 | F18: =IF(G18=0, "NONE", IF(G18<4, "LOW", IF(G18<7, "MEDIUM", IF(G18<9, "HIGH", "CRITICAL")))) -> LOW | G18: =ROUND(((0.6*J18)+(0.4*H18)-1.5)*I18,1) -> 3 | H18: =20*L18*M18*N18 -> 2.69864 | I18: =IF(J18=0, 0, 1.176) -> 1.176 | J18: =10.41*(1-(1-O18)*(1-P18)*(1-Q18)) -> 4.9382437 | L18: 0.395 | M18: 0.56 | N18: 0.61 | O18: 0.275 | P18: 0 | Q18: 0.275
C19: 1.1.12 | D19: Ensure that the etcd data directory ownership is set to etcd:etcd | E19: 1 | F19: =IF(G19=0, "NONE", IF(G19<4, "LOW", IF(G19<7, "MEDIUM", IF(G19<9, "HIGH", "CRITICAL")))) -> LOW | G19: =ROUND(((0.6*J19)+(0.4*H19)-1.5)*I19,1) -> 3 | H19: =20*L19*M19*N19 -> 2.69864 | I19: =IF(J19=0, 0, 1.176) -> 1.176 | J19: =10.41*(1-(1-O19)*(1-P19)*(1-Q19)) -> 4.9382437 | L19: 0.395 | M19: 0.56 | N19: 0.61 | O19: 0.275 | P19: 0 | Q19: 0.275
... C28: 1.1.21 | D28: Ensure that the Kubernetes PKI key file permissions are set to 600 | E28: 0 | F28: =IF(G28=0, "NONE", IF(G28<4, "LOW", IF(G28<7, "MEDIUM", IF(G28<9, "HIGH", "CRITICAL")))) -> MEDIUM | G28: =ROUND(((0.6*J28)+(0.4*H28)-1.5)*I28,1) -> 6 | H28: =20*L28*M28*N28 -> 2.69864 | I28: =IF(J28=0, 0, 1.176) -> 1.176 | J28: =10.41*(1-(1-O28)*(1-P28)*(1-Q28)) -> 9.206604 | L28: 0.395 | M28: 0.56 | N28: 0.61 | O28: 0.66 | P28: 0 | Q28: 0.66
B29: API Server | C29: 1.2
C30: 1.2.1 | D30: Ensure that the --anonymous-auth argument is set to false | E30: 0 | F30: =IF(G30=0, "NONE", IF(G30<4, "LOW", IF(G30<7, "MEDIUM", IF(G30<9, "HIGH", "CRITICAL")))) -> MEDIUM | G30: =ROUND(((0.6*J30)+(0.4*H30)-1.5)*I30,1) -> 5 | H30: =20*L30*M30*N30 -> 9.9968 | I30: =IF(J30=0, 0, 1.176) -> 1.176 | J30: =10.41*(1-(1-O30)*(1-P30)*(1-Q30)) -> 2.86275 | L30: 1 | M30: 0.704 | N30: 0.71 | O30: 0.275 | P30: 0 | Q30: 0
C31: 1.2.2 | D31: Ensure that the --token-auth-file parameter is not set | E31: 1 | F31: =IF(G31=0, "NONE", IF(G31<4, "LOW", IF(G31<7, "MEDIUM", IF(G31<9, "HIGH", "CRITICAL")))) -> MEDIUM | G31: =ROUND(((0.6*J31)+(0.4*H31)-1.5)*I31,1) -> 6.5 | H31: =20*L31*M31*N31 -> 7.952 | I31: =IF(J31=0, 0, 1.176) -> 1.176 | J31: =10.41*(1-(1-O31)*(1-P31)*(1-Q31)) -> 6.4429767 | L31: 1 | M31: 0.56 | N31: 0.71 | O31: 0.275 | P31: 0.275 | Q31: 0.275
C32: 1.2.3 | D32: Ensure that the DenyServiceExternalIPs is set | E32: 0 | F32: =IF(G32=0, "NONE", IF(G32<4, "LOW", IF(G32<7, "MEDIUM", IF(G32<9, "HIGH", "CRITICAL")))) -> MEDIUM | G32: =ROUND(((0.6*J32)+(0.4*H32)-1.5)*I32,1) -> 4 | H32: =20*L32*M32*N32 -> 7.952 | I32: =IF(J32=0, 0, 1.176) -> 1.176 | J32: =10.41*(1-(1-O32)*(1-P32)*(1-Q32)) -> 2.86275 | L32: 1 | M32: 0.56 | N32: 0.71 | O32: 0 | P32: 0.275 | Q32: 0
C33: 1.2.4 | D33: Ensure that the --kubelet-client-certificate and --kubelet-client-key arguments are set as appropriate | E33: 1 | F33: =IF(G33=0, "NONE", IF(G33<4, "LOW", IF(G33<7, "MEDIUM", IF(G33<9, "HIGH", "CRITICAL")))) -> MEDIUM | G33: =ROUND(((0.6*J33)+(0.4*H33)-1.5)*I33,1) -> 4.9 | H33: =20*L33*M33*N33 -> 4.413472 | I33: =IF(J33=0, 0, 1.176) -> 1.176 | J33: =10.41*(1-(1-O33)*(1-P33)*(1-Q33)) -> 6.4429767 | L33: 0.646 | M33: 0.56 | N33: 0.61 | O33: 0.275 | P33: 0.275 | Q33: 0.275
C34: 1.2.5 | D34: Ensure that the --kubelet-certificate-authority argument is set as appropriate | E34: 1 | F34: =IF(G34=0, "NONE", IF(G34<4, "LOW", IF(G34<7, "MEDIUM", IF(G34<9, "HIGH", "CRITICAL")))) -> HIGH | G34: =ROUND(((0.6*J34)+(0.4*H34)-1.5)*I34,1) -> 7.9 | H34: =20*L34*M34*N34 -> 5.5483648 | I34: =IF(J34=0, 0, 1.176) -> 1.176 | J34: =10.41*(1-(1-O34)*(1-P34)*(1-Q34)) -> 10.000845 | L34: 0.646 | M34: 0.704 | N34: 0.61 | O34: 0.66 | P34: 0.66 | Q34: 0.66
C35: 1.2.6 | D35: Ensure that the --authorization-mode argument is not set to AlwaysAllow | E35: 1 | F35: =IF(G35=0, "NONE", IF(G35<4, "LOW", IF(G35<7, "MEDIUM", IF(G35<9, "HIGH", "CRITICAL")))) -> CRITICAL | G35: =ROUND(((0.6*J35)+(0.4*H35)-1.5)*I35,1) -> 10 | H35: =20*L35*M35*N35 -> 9.9968 | I35: =IF(J35=0, 0, 1.176) -> 1.176 | J35: =10.41*(1-(1-O35)*(1-P35)*(1-Q35)) -> 10.000845 | L35: 1 | M35: 0.704 | N35: 0.71 | O35: 0.66 | P35: 0.66 | Q35: 0.66
C36: 1.2.7 | D36: Ensure that the --authorization-mode argument includes Node | E36: 1 | F36: =IF(G36=0, "NONE", IF(G36<4, "LOW", IF(G36<7, "MEDIUM", IF(G36<9, "HIGH", "CRITICAL")))) -> LOW | G36: =ROUND(((0.6*J36)+(0.4*H36)-1.5)*I36,1) -> 2.7 | H36: =20*L36*M36*N36 -> 5.136992 | I36: =IF(J36=0, 0, 1.176) -> 1.176 | J36: =10.41*(1-(1-O36)*(1-P36)*(1-Q36)) -> 2.86275 | L36: 0.646 | M36: 0.56 | N36: 0.71 | O36: 0.275 | P36: 0 | Q36: 0
C37: 1.2.8 | D37: Ensure that the --authorization-mode argument includes RBAC | E37: 1 | F37: =IF(G37=0, "NONE", IF(G37<4, "LOW", IF(G37<7, "MEDIUM", IF(G37<9, "HIGH", "CRITICAL")))) -> MEDIUM | G37: =ROUND(((0.6*J37)+(0.4*H37)-1.5)*I37,1) -> 6.5 | H37: =20*L37*M37*N37 -> 7.952 | I37: =IF(J37=0, 0, 1.176) -> 1.176 | J37: =10.41*(1-(1-O37)*(1-P37)*(1-Q37)) -> 6.4429767 | L37: 1 | M37: 0.56 | N37: 0.71 | O37: 0.275 | P37: 0.275 | Q37: 0.275
C38: 1.2.9 | D38: Ensure that the admission control plugin EventRateLimit is set | E38: 0 | F38: =IF(G38=0, "NONE", IF(G38<4, "LOW", IF(G38<7, "MEDIUM", IF(G38<9, "HIGH", "CRITICAL")))) -> LOW | G38: =ROUND(((0.6*J38)+(0.4*H38)-1.5)*I38,1) -> 3.3 | H38: =20*L38*M38*N38 -> 6.4579328 | I38: =IF(J38=0, 0, 1.176) -> 1.176 | J38: =10.41*(1-(1-O38)*(1-P38)*(1-Q38)) -> 2.86275 | L38: 0.646 | M38: 0.704 | N38: 0.71 | O38: 0 | P38: 0.275 | Q38: 0
C39: 1.2.10 | D39: Ensure that the admission control plugin AlwaysAdmit is not set | E39: 1 | F39: =IF(G39=0, "NONE", IF(G39<4, "LOW", IF(G39<7, "MEDIUM", IF(G39<9, "HIGH", "CRITICAL")))) -> HIGH | G39: =ROUND(((0.6*J39)+(0.4*H39)-1.5)*I39,1) -> 7.7 | H39: =20*L39*M39*N39 -> 5.136992 | I39: =IF(J39=0, 0, 1.176) -> 1.176 | J39: =10.41*(1-(1-O39)*(1-P39)*(1-Q39)) -> 10.000845 | L39: 0.646 | M39: 0.56 | N39: 0.71 | O39: 0.66 | P39: 0.66 | Q39: 0.66
C40: 1.2.11 | D40: Ensure that the admission control plugin AlwaysPullImages is set | E40: 0 | F40: =IF(G40=0, "NONE", IF(G40<4, "LOW", IF(G40<7, "MEDIUM", IF(G40<9, "HIGH", "CRITICAL")))) -> LOW | G40: =ROUND(((0.6*J40)+(0.4*H40)-1.5)*I40,1) -> 2.3 | H40: =20*L40*M40*N40 -> 4.413472 | I40: =IF(J40=0, 0, 1.176) -> 1.176 | J40: =10.41*(1-(1-O40)*(1-P40)*(1-Q40)) -> 2.86275 | L40: 0.646 | M40: 0.56 | N40: 0.61 | O40: 0.275 | P40: 0 | Q40: 0
C41: 1.2.12 | D41: Ensure that the admission control plugin ServiceAccount is set | E41: 1 | F41: =IF(G41=0, "NONE", IF(G41<4, "LOW", IF(G41<7, "MEDIUM", IF(G41<9, "HIGH", "CRITICAL")))) -> MEDIUM | G41: =ROUND(((0.6*J41)+(0.4*H41)-1.5)*I41,1) -> 5.2 | H41: =20*L41*M41*N41 -> 5.136992 | I41: =IF(J41=0, 0, 1.176) -> 1.176 | J41: =10.41*(1-(1-O41)*(1-P41)*(1-Q41)) -> 6.4429767 | L41: 0.646 | M41: 0.56 | N41: 0.71 | O41: 0.275 | P41: 0.275 | Q41: 0.275
... C59: 1.2.30 | D59: Ensure that the --service-account-extend-token-expiration parameter is set to false | E59: 1 | F59: =IF(G59=0, "NONE", IF(G59<4, "LOW", IF(G59<7, "MEDIUM", IF(G59<9, "HIGH", "CRITICAL")))) -> LOW | G59: =ROUND(((0.6*J59)+(0.4*H59)-1.5)*I59,1) -> 2.7 | H59: =20*L59*M59*N59 -> 5.136992 | I59: =IF(J59=0, 0, 1.176) -> 1.176 | J59: =10.41*(1-(1-O59)*(1-P59)*(1-Q59)) -> 2.86275 | L59: 0.646 | M59: 0.56 | N59: 0.71 | O59: 0.275 | P59: 0 | Q59: 0
B60: Controller Manager | C60: 1.3
C61: 1.3.1 | D61: Ensure that the --terminated-pod-gc-threshold argument is set as appropriate | E61: 0 | F61: =IF(G61=0, "NONE", IF(G61<4, "LOW", IF(G61<7, "MEDIUM", IF(G61<9, "HIGH", "CRITICAL")))) -> LOW | G61: =ROUND(((0.6*J61)+(0.4*H61)-1.5)*I61,1) -> 2.7 | H61: =20*L61*M61*N61 -> 5.136992 | I61: =IF(J61=0, 0, 1.176) -> 1.176 | J61: =10.41*(1-(1-O61)*(1-P61)*(1-Q61)) -> 2.86275 | L61: 0.646 | M61: 0.56 | N61: 0.71 | O61: 0 | P61: 0.275 | Q61: 0
C62: 1.3.2 | D62: Ensure that the --profiling argument is set to false | E62: 1 | F62: =IF(G62=0, "NONE", IF(G62<4, "LOW", IF(G62<7, "MEDIUM", IF(G62<9, "HIGH", "CRITICAL")))) -> MEDIUM | G62: =ROUND(((0.6*J62)+(0.4*H62)-1.5)*I62,1) -> 4.1 | H62: =20*L62*M62*N62 -> 5.136992 | I62: =IF(J62=0, 0, 1.176) -> 1.176 | J62: =10.41*(1-(1-O62)*(1-P62)*(1-Q62)) -> 4.9382437 | L62: 0.646 | M62: 0.56 | N62: 0.71 | O62: 0.275 | P62: 0.275 | Q62: 0
C63: 1.3.3 | D63: Ensure that the --use-service-account-credentials argument is set to true | E63: 1 | F63: =IF(G63=0, "NONE", IF(G63<4, "LOW", IF(G63<7, "MEDIUM", IF(G63<9, "HIGH", "CRITICAL")))) -> HIGH | G63: =ROUND(((0.6*J63)+(0.4*H63)-1.5)*I63,1) -> 7.4 | H63: =20*L63*M63*N63 -> 4.413472 | I63: =IF(J63=0, 0, 1.176) -> 1.176 | J63: =10.41*(1-(1-O63)*(1-P63)*(1-Q63)) -> 10.000845 | L63: 0.646 | M63: 0.56 | N63: 0.61 | O63: 0.66 | P63: 0.66 | Q63: 0.66
C64: 1.3.4 | D64: Ensure that the --service-account-private-key-file argument is set as appropriate | E64: 1 | F64: =IF(G64=0, "NONE", IF(G64<4, "LOW", IF(G64<7, "MEDIUM", IF(G64<9, "HIGH", "CRITICAL")))) -> MEDIUM | G64: =ROUND(((0.6*J64)+(0.4*H64)-1.5)*I64,1) -> 4 | H64: =20*L64*M64*N64 -> 2.53232 | I64: =IF(J64=0, 0, 1.176) -> 1.176 | J64: =10.41*(1-(1-O64)*(1-P64)*(1-Q64)) -> 6.4429767 | L64: 0.646 | M64: 0.56 | N64: 0.35 | O64: 0.275 | P64: 0.275 | Q64: 0.275
C65: 1.3.5 | D65: Ensure that the --root-ca-file argument is set as appropriate | E65: 1 | F65: =IF(G65=0, "NONE", IF(G65<4, "LOW", IF(G65<7, "MEDIUM", IF(G65<9, "HIGH", "CRITICAL")))) -> HIGH | G65: =ROUND(((0.6*J65)+(0.4*H65)-1.5)*I65,1) -> 7.3 | H65: =20*L65*M65*N65 -> 5.5483648 | I65: =IF(J65=0, 0, 1.176) -> 1.176 | J65: =10.41*(1-(1-O65)*(1-P65)*(1-Q65)) -> 9.206604 | L65: 0.646 | M65: 0.704 | N65: 0.61 | O65: 0.66 | P65: 0 | Q65: 0.66
C66: 1.3.6 | D66: Ensure that the RotateKubeletServerCertificate argument is set to true | E66: 1 | F66: =IF(G66=0, "NONE", IF(G66<4, "LOW", IF(G66<7, "MEDIUM", IF(G66<9, "HIGH", "CRITICAL")))) -> LOW | G66: =ROUND(((0.6*J66)+(0.4*H66)-1.5)*I66,1) -> 3.3 | H66: =20*L66*M66*N66 -> 6.4579328 | I66: =IF(J66=0, 0, 1.176) -> 1.176 | J66: =10.41*(1-(1-O66)*(1-P66)*(1-Q66)) -> 2.86275 | L66: 0.646 | M66: 0.704 | N66: 0.71 | O66: 0 | P66: 0.275 | Q66: 0
C67: 1.3.7 | D67: Ensure that the --bind-address argument is set to 127.0.0.1 | E67: 1 | F67: =IF(G67=0, "NONE", IF(G67<4, "LOW", IF(G67<7, "MEDIUM", IF(G67<9, "HIGH", "CRITICAL")))) -> MEDIUM | G67: =ROUND(((0.6*J67)+(0.4*H67)-1.5)*I67,1) -> 4.8 | H67: =20*L67*M67*N67 -> 6.4579328 | I67: =IF(J67=0, 0, 1.176) -> 1.176 | J67: =10.41*(1-(1-O67)*(1-P67)*(1-Q67)) -> 4.9382437 | L67: 0.646 | M67: 0.704 | N67: 0.71 | O67: 0.275 | P67: 0.275 | Q67: 0
B68: Scheduler | C68: 1.4
C69: 1.4.1 | D69: Ensure that the --profiling argument is set to false | E69: 1 | F69: =IF(G69=0, "NONE", IF(G69<4, "LOW", IF(G69<7, "MEDIUM", IF(G69<9, "HIGH", "CRITICAL")))) -> MEDIUM | G69: =ROUND(((0.6*J69)+(0.4*H69)-1.5)*I69,1) -> 4.1 | H69: =20*L69*M69*N69 -> 5.136992 | I69: =IF(J69=0, 0, 1.176) -> 1.176 | J69: =10.41*(1-(1-O69)*(1-P69)*(1-Q69)) -> 4.9382437 | L69: 0.646 | M69: 0.56 | N69: 0.71 | O69: 0.275 | P69: 0.275 | Q69: 0
C70: 1.4.2 | D70: Ensure that the --bind-address argument is set to 127.0.0.1 | E70: 1 | F70: =IF(G70=0, "NONE", IF(G70<4, "LOW", IF(G70<7, "MEDIUM", IF(G70<9, "HIGH", "CRITICAL")))) -> MEDIUM | G70: =ROUND(((0.6*J70)+(0.4*H70)-1.5)*I70,1) -> 4.8 | H70: =20*L70*M70*N70 -> 6.4579328 | I70: =IF(J70=0, 0, 1.176) -> 1.176 | J70: =10.41*(1-(1-O70)*(1-P70)*(1-Q70)) -> 4.9382437 | L70: 0.646 | M70: 0.704 | N70: 0.71 | O70: 0.275 | P70: 0.275 | Q70: 0
A71: etcd | C71: 2
C72: 2.1 | D72: Ensure that the --cert-file and --key-file arguments are set as appropriate | E72: 1 | F72: =IF(G72=0, "NONE", IF(G72<4, "LOW", IF(G72<7, "MEDIUM", IF(G72<9, "HIGH", "CRITICAL")))) -> HIGH | G72: =ROUND(((0.6*J72)+(0.4*H72)-1.5)*I72,1) -> 7.8 | H72: =20*L72*M72*N72 -> 6.4579328 | I72: =IF(J72=0, 0, 1.176) -> 1.176 | J72: =10.41*(1-(1-O72)*(1-P72)*(1-Q72)) -> 9.206604 | L72: 0.646 | M72: 0.704 | N72: 0.71 | O72: 0.66 | P72: 0 | Q72: 0.66
C73: 2.2 | D73: Ensure that the --client-cert-auth argument is set to true | E73: 1 | F73: =IF(G73=0, "NONE", IF(G73<4, "LOW", IF(G73<7, "MEDIUM", IF(G73<9, "HIGH", "CRITICAL")))) -> LOW | G73: =ROUND(((0.6*J73)+(0.4*H73)-1.5)*I73,1) -> 3.3 | H73: =20*L73*M73*N73 -> 6.4579328 | I73: =IF(J73=0, 0, 1.176) -> 1.176 | J73: =10.41*(1-(1-O73)*(1-P73)*(1-Q73)) -> 2.86275 | L73: 0.646 | M73: 0.704 | N73: 0.71 | O73: 0.275 | P73: 0 | Q73: 0
C74: 2.3 | D74: Ensure that the --auto-tls argument is not set to true | E74: 1 | F74: =IF(G74=0, "NONE", IF(G74<4, "LOW", IF(G74<7, "MEDIUM", IF(G74<9, "HIGH", "CRITICAL")))) -> LOW | G74: =ROUND(((0.6*J74)+(0.4*H74)-1.5)*I74,1) -> 3.3 | H74: =20*L74*M74*N74 -> 6.4579328 | I74: =IF(J74=0, 0, 1.176) -> 1.176 | J74: =10.41*(1-(1-O74)*(1-P74)*(1-Q74)) -> 2.86275 | L74: 0.646 | M74: 0.704 | N74: 0.71 | O74: 0.275 | P74: 0 | Q74: 0
C75: 2.4 | D75: Ensure that the --peer-cert-file and --peer-key-file arguments are set as appropriate | E75: 1 | F75: =IF(G75=0, "NONE", IF(G75<4, "LOW", IF(G75<7, "MEDIUM", IF(G75<9, "HIGH", "CRITICAL")))) -> HIGH | G75: =ROUND(((0.6*J75)+(0.4*H75)-1.5)*I75,1) -> 7.8 | H75: =20*L75*M75*N75 -> 6.4579328 | I75: =IF(J75=0, 0, 1.176) -> 1.176 | J75: =10.41*(1-(1-O75)*(1-P75)*(1-Q75)) -> 9.206604 | L75: 0.646 | M75: 0.704 | N75: 0.71 | O75: 0.66 | P75: 0 | Q75: 0.66
C76: 2.5 | D76: Ensure that the --peer-client-cert-auth argument is set to true | E76: 1 | F76: =IF(G76=0, "NONE", IF(G76<4, "LOW", IF(G76<7, "MEDIUM", IF(G76<9, "HIGH", "CRITICAL")))) -> HIGH | G76: =ROUND(((0.6*J76)+(0.4*H76)-1.5)*I76,1) -> 7.8 | H76: =20*L76*M76*N76 -> 6.4579328 | I76: =IF(J76=0, 0, 1.176) -> 1.176 | J76: =10.41*(1-(1-O76)*(1-P76)*(1-Q76)) -> 9.206604 | L76: 0.646 | M76: 0.704 | N76: 0.71 | O76: 0.66 | P76: 0 | Q76: 0.66
C77: 2.6 | D77: Ensure that the --peer-auto-tls argument is not set to true | E77: 1 | F77: =IF(G77=0, "NONE", IF(G77<4, "LOW", IF(G77<7, "MEDIUM", IF(G77<9, "HIGH", "CRITICAL")))) -> HIGH | G77: =ROUND(((0.6*J77)+(0.4*H77)-1.5)*I77,1) -> 7.8 | H77: =20*L77*M77*N77 -> 6.4579328 | I77: =IF(J77=0, 0, 1.176) -> 1.176 | J77: =10.41*(1-(1-O77)*(1-P77)*(1-Q77)) -> 9.206604 | L77: 0.646 | M77: 0.704 | N77: 0.71 | O77: 0.66 | P77: 0 | Q77: 0.66
C78: 2.7 | D78: Ensure that a unique Certificate Authority is used for etcd | E78: 0 | F78: =IF(G78=0, "NONE", IF(G78<4, "LOW", IF(G78<7, "MEDIUM", IF(G78<9, "HIGH", "CRITICAL")))) -> MEDIUM | G78: =ROUND(((0.6*J78)+(0.4*H78)-1.5)*I78,1) -> 5.8 | H78: =20*L78*M78*N78 -> 6.4579328 | I78: =IF(J78=0, 0, 1.176) -> 1.176 | J78: =10.41*(1-(1-O78)*(1-P78)*(1-Q78)) -> 6.4429767 | L78: 0.646 | M78: 0.704 | N78: 0.71 | O78: 0.275 | P78: 0.275 | Q78: 0.275
A79: Control Plane Configuration | C79: 3
B80: Authentication and Authorization | C80: 3.1
C81: 3.1.1 | D81: Client certificate authentication should not be used for users | E81: 0 | F81: =IF(G81=0, "NONE", IF(G81<4, "LOW", IF(G81<7, "MEDIUM", IF(G81<9, "HIGH", "CRITICAL")))) -> MEDIUM | G81: =ROUND(((0.6*J81)+(0.4*H81)-1.5)*I81,1) -> 5 | H81: =20*L81*M81*N81 -> 9.9968 | I81: =IF(J81=0, 0, 1.176) -> 1.176 | J81: =10.41*(1-(1-O81)*(1-P81)*(1-Q81)) -> 2.86275 | L81: 1 | M81: 0.704 | N81: 0.71 | O81: 0.275 | P81: 0 | Q81: 0
C82: 3.1.2 | D82: Service account token authentication should not be used for users | E82: 0 | F82: =IF(G82=0, "NONE", IF(G82<4, "LOW", IF(G82<7, "MEDIUM", IF(G82<9, "HIGH", "CRITICAL")))) -> MEDIUM | G82: =ROUND(((0.6*J82)+(0.4*H82)-1.5)*I82,1) -> 5 | H82: =20*L82*M82*N82 -> 9.9968 | I82: =IF(J82=0, 0, 1.176) -> 1.176 | J82: =10.41*(1-(1-O82)*(1-P82)*(1-Q82)) -> 2.86275 | L82: 1 | M82: 0.704 | N82: 0.71 | O82: 0.275 | P82: 0 | Q82: 0
C83: 3.1.3 | D83: Bootstrap token authentication should not be used for users | E83: 0 | F83: =IF(G83=0, "NONE", IF(G83<4, "LOW", IF(G83<7, "MEDIUM", IF(G83<9, "HIGH", "CRITICAL")))) -> MEDIUM | G83: =ROUND(((0.6*J83)+(0.4*H83)-1.5)*I83,1) -> 5 | H83: =20*L83*M83*N83 -> 9.9968 | I83: =IF(J83=0, 0, 1.176) -> 1.176 | J83: =10.41*(1-(1-O83)*(1-P83)*(1-Q83)) -> 2.86275 | L83: 1 | M83: 0.704 | N83: 0.71 | O83: 0.275 | P83: 0 | Q83: 0
B84: Logging | C84: 3.2
C85: 3.2.1 | D85: Ensure that a minimal audit policy is created | E85: 0 | F85: =IF(G85=0, "NONE", IF(G85<4, "LOW", IF(G85<7, "MEDIUM", IF(G85<9, "HIGH", "CRITICAL")))) -> NONE | G85: =ROUND(((0.6*J85)+(0.4*H85)-1.5)*I85,1) -> 0 | H85: =20*L85*M85*N85 -> 3.948736 | I85: =IF(J85=0, 0, 1.176) -> 0 | J85: =10.41*(1-(1-O85)*(1-P85)*(1-Q85)) -> 0 | L85: 0.395 | M85: 0.704 | N85: 0.71 | O85: 0 | P85: 0 | Q85: 0
C86: 3.2.2 | D86: Ensure that the audit policy covers key security concerns | E86: 0 | F86: =IF(G86=0, "NONE", IF(G86<4, "LOW", IF(G86<7, "MEDIUM", IF(G86<9, "HIGH", "CRITICAL")))) -> NONE | G86: =ROUND(((0.6*J86)+(0.4*H86)-1.5)*I86,1) -> 0 | H86: =20*L86*M86*N86 -> 3.948736 | I86: =IF(J86=0, 0, 1.176) -> 0 | J86: =10.41*(1-(1-O86)*(1-P86)*(1-Q86)) -> 0 | L86: 0.395 | M86: 0.704 | N86: 0.71 | O86: 0 | P86: 0 | Q86: 0
A87: Worker Nodes | C87: 4
B88: Worker Node Configuration Files | C88: 4.1
C89: 4.1.1 | D89: Ensure that the kubelet service file permissions are set to 600 or more restrictive | E89: 1 | F89: =IF(G89=0, "NONE", IF(G89<4, "LOW", IF(G89<7, "MEDIUM", IF(G89<9, "HIGH", "CRITICAL")))) -> LOW | G89: =ROUND(((0.6*J89)+(0.4*H89)-1.5)*I89,1) -> 3 | H89: =20*L89*M89*N89 -> 2.69864 | I89: =IF(J89=0, 0, 1.176) -> 1.176 | J89: =10.41*(1-(1-O89)*(1-P89)*(1-Q89)) -> 4.9382437 | L89: 0.395 | M89: 0.56 | N89: 0.61 | O89: 0.275 | P89: 0 | Q89: 0.275
C90: 4.1.2 | D90: Ensure that the kubelet service file ownership is set to root:root | E90: 1 | F90: =IF(G90=0, "NONE", IF(G90<4, "LOW", IF(G90<7, "MEDIUM", IF(G90<9, "HIGH", "CRITICAL")))) -> LOW | G90: =ROUND(((0.6*J90)+(0.4*H90)-1.5)*I90,1) -> 3 | H90: =20*L90*M90*N90 -> 2.69864 | I90: =IF(J90=0, 0, 1.176) -> 1.176 | J90: =10.41*(1-(1-O90)*(1-P90)*(1-Q90)) -> 4.9382437 | L90: 0.395 | M90: 0.56 | N90: 0.61 | O90: 0.275 | P90: 0 | Q90: 0.275
C91: 4.1.3 | D91: If proxy kubeconfig file exists ensure permissions are set to 600 or more restrictive | E91: 0 | F91: =IF(G91=0, "NONE", IF(G91<4, "LOW", IF(G91<7, "MEDIUM", IF(G91<9, "HIGH", "CRITICAL")))) -> LOW | G91: =ROUND(((0.6*J91)+(0.4*H91)-1.5)*I91,1) -> 3 | H91: =20*L91*M91*N91 -> 2.69864 | I91: =IF(J91=0, 0, 1.176) -> 1.176 | J91: =10.41*(1-(1-O91)*(1-P91)*(1-Q91)) -> 4.9382437 | L91: 0.395 | M91: 0.56 | N91: 0.61 | O91: 0.275 | P91: 0 | Q91: 0.275
C92: 4.1.4 | D92: If proxy kubeconfig file exists ensure ownership is set to root:root | E92: 0 | F92: =IF(G92=0, "NONE", IF(G92<4, "LOW", IF(G92<7, "MEDIUM", IF(G92<9, "HIGH", "CRITICAL")))) -> LOW | G92: =ROUND(((0.6*J92)+(0.4*H92)-1.5)*I92,1) -> 3 | H92: =20*L92*M92*N92 -> 2.69864 | I92: =IF(J92=0, 0, 1.176) -> 1.176 | J92: =10.41*(1-(1-O92)*(1-P92)*(1-Q92)) -> 4.9382437 | L92: 0.395 | M92: 0.56 | N92: 0.61 | O92: 0.275 | P92: 0 | Q92: 0.275
C93: 4.1.5 | D93: Ensure that the --kubeconfig kubelet.conf file permissions are set to 600 or more restrictive | E93: 1 | F93: =IF(G93=0, "NONE", IF(G93<4, "LOW", IF(G93<7, "MEDIUM", IF(G93<9, "HIGH", "CRITICAL")))) -> LOW | G93: =ROUND(((0.6*J93)+(0.4*H93)-1.5)*I93,1) -> 3 | H93: =20*L93*M93*N93 -> 2.69864 | I93: =IF(J93=0, 0, 1.176) -> 1.176 | J93: =10.41*(1-(1-O93)*(1-P93)*(1-Q93)) -> 4.9382437 | L93: 0.395 | M93: 0.56 | N93: 0.61 | O93: 0.275 | P93: 0 | Q93: 0.275
C94: 4.1.6 | D94: Ensure that the --kubeconfig kubelet.conf file ownership is set to root:root | E94: 1 | F94: =IF(G94=0, "NONE", IF(G94<4, "LOW", IF(G94<7, "MEDIUM", IF(G94<9, "HIGH", "CRITICAL")))) -> LOW | G94: =ROUND(((0.6*J94)+(0.4*H94)-1.5)*I94,1) -> 3 | H94: =20*L94*M94*N94 -> 2.69864 | I94: =IF(J94=0, 0, 1.176) -> 1.176 | J94: =10.41*(1-(1-O94)*(1-P94)*(1-Q94)) -> 4.9382437 | L94: 0.395 | M94: 0.56 | N94: 0.61 | O94: 0.275 | P94: 0 | Q94: 0.275
C95: 4.1.7 | D95: Ensure that the certificate authorities file permissions are set to 644 or more restrictive | E95: 0 | F95: =IF(G95=0, "NONE", IF(G95<4, "LOW", IF(G95<7, "MEDIUM", IF(G95<9, "HIGH", "CRITICAL")))) -> LOW | G95: =ROUND(((0.6*J95)+(0.4*H95)-1.5)*I95,1) -> 1.5 | H95: =20*L95*M95*N95 -> 2.69864 | I95: =IF(J95=0, 0, 1.176) -> 1.176 | J95: =10.41*(1-(1-O95)*(1-P95)*(1-Q95)) -> 2.86275 | L95: 0.395 | M95: 0.56 | N95: 0.61 | O95: 0 | P95: 0 | Q95: 0.275
C96: 4.1.8 | D96: Ensure that the client certificate authorities file ownership is set to root:root | E96: 0 | F96: =IF(G96=0, "NONE", IF(G96<4, "LOW", IF(G96<7, "MEDIUM", IF(G96<9, "HIGH", "CRITICAL")))) -> LOW | G96: =ROUND(((0.6*J96)+(0.4*H96)-1.5)*I96,1) -> 3 | H96: =20*L96*M96*N96 -> 2.69864 | I96: =IF(J96=0, 0, 1.176) -> 1.176 | J96: =10.41*(1-(1-O96)*(1-P96)*(1-Q96)) -> 4.9382437 | L96: 0.395 | M96: 0.56 | N96: 0.61 | O96: 0.275 | P96: 0 | Q96: 0.275
C97: 4.1.9 | D97: If the kubelet config.yaml configuration file is being used validate permissions set to 600 or more restrictive | E97: 1 | F97: =IF(G97=0, "NONE", IF(G97<4, "LOW", IF(G97<7, "MEDIUM", IF(G97<9, "HIGH", "CRITICAL")))) -> LOW | G97: =ROUND(((0.6*J97)+(0.4*H97)-1.5)*I97,1) -> 3 | H97: =20*L97*M97*N97 -> 2.69864 | I97: =IF(J97=0, 0, 1.176) -> 1.176 | J97: =10.41*(1-(1-O97)*(1-P97)*(1-Q97)) -> 4.9382437 | L97: 0.395 | M97: 0.56 | N97: 0.61 | O97: 0.275 | P97: 0 | Q97: 0.275
C98: 4.1.10 | D98: If the kubelet config.yaml configuration file is being used validate file ownership is set to root:root | E98: 1 | F98: =IF(G98=0, "NONE", IF(G98<4, "LOW", IF(G98<7, "MEDIUM", IF(G98<9, "HIGH", "CRITICAL")))) -> LOW | G98: =ROUND(((0.6*J98)+(0.4*H98)-1.5)*I98,1) -> 3 | H98: =20*L98*M98*N98 -> 2.69864 | I98: =IF(J98=0, 0, 1.176) -> 1.176 | J98: =10.41*(1-(1-O98)*(1-P98)*(1-Q98)) -> 4.9382437 | L98: 0.395 | M98: 0.56 | N98: 0.61 | O98: 0.275 | P98: 0 | Q98: 0.275
B99: Kubelet | C99: 4.2
C100: 4.2.1 | D100: Ensure that the --anonymous-auth argument is set to false | E100: 1 | F100: =IF(G100=0, "NONE", IF(G100<4, "LOW", IF(G100<7, "MEDIUM", IF(G100<9, "HIGH", "CRITICAL")))) -> HIGH | G100: =ROUND(((0.6*J100)+(0.4*H100)-1.5)*I100,1) -> 7.8 | H100: =20*L100*M100*N100 -> 9.9968 | I100: =IF(J100=0, 0, 1.176) -> 1.176 | J100: =10.41*(1-(1-O100)*(1-P100)*(1-Q100)) -> 6.8706 | L100: 1 | M100: 0.704 | N100: 0.71 | O100: 0.66 | P100: 0 | Q100: 0
C101: 4.2.2 | D101: Ensure that the --authorization-mode argument is not set to AlwaysAllow | E101: 1 | F101: =IF(G101=0, "NONE", IF(G101<4, "LOW", IF(G101<7, "MEDIUM", IF(G101<9, "HIGH", "CRITICAL")))) -> CRITICAL | G101: =ROUND(((0.6*J101)+(0.4*H101)-1.5)*I101,1) -> 10 | H101: =20*L101*M101*N101 -> 9.9968 | I101: =IF(J101=0, 0, 1.176) -> 1.176 | J101: =10.41*(1-(1-O101)*(1-P101)*(1-Q101)) -> 10.000845 | L101: 1 | M101: 0.704 | N101: 0.71 | O101: 0.66 | P101: 0.66 | Q101: 0.66
C102: 4.2.3 | D102: Ensure that the --client-ca-file argument is set as appropriate | E102: 1 | F102: =IF(G102=0, "NONE", IF(G102<4, "LOW", IF(G102<7, "MEDIUM", IF(G102<9, "HIGH", "CRITICAL")))) -> LOW | G102: =ROUND(((0.6*J102)+(0.4*H102)-1.5)*I102,1) -> 3.8 | H102: =20*L102*M102*N102 -> 4.413472 | I102: =IF(J102=0, 0, 1.176) -> 1.176 | J102: =10.41*(1-(1-O102)*(1-P102)*(1-Q102)) -> 4.9382437 | L102: 0.646 | M102: 0.56 | N102: 0.61 | O102: 0.275 | P102: 0 | Q102: 0.275
C103: 4.2.4 | D103: Verify that if defined, readOnlyPort is set to 0 | E103: 0 | F103: =IF(G103=0, "NONE", IF(G103<4, "LOW", IF(G103<7, "MEDIUM", IF(G103<9, "HIGH", "CRITICAL")))) -> LOW | G103: =ROUND(((0.6*J103)+(0.4*H103)-1.5)*I103,1) -> 3.3 | H103: =20*L103*M103*N103 -> 6.4579328 | I103: =IF(J103=0, 0, 1.176) -> 1.176 | J103: =10.41*(1-(1-O103)*(1-P103)*(1-Q103)) -> 2.86275 | L103: 0.646 | M103: 0.704 | N103: 0.71 | O103: 0.275 | P103: 0 | Q103: 0
C104: 4.2.5 | D104: Ensure that the --streaming-connection-idle-timeout argument is not set to 0 | E104: 0 | F104: =IF(G104=0, "NONE", IF(G104<4, "LOW", IF(G104<7, "MEDIUM", IF(G104<9, "HIGH", "CRITICAL")))) -> HIGH | G104: =ROUND(((0.6*J104)+(0.4*H104)-1.5)*I104,1) -> 7.8 | H104: =20*L104*M104*N104 -> 9.9968 | I104: =IF(J104=0, 0, 1.176) -> 1.176 | J104: =10.41*(1-(1-O104)*(1-P104)*(1-Q104)) -> 6.8706 | L104: 1 | M104: 0.704 | N104: 0.71 | O104: 0 | P104: 0.66 | Q104: 0
C105: 4.2.6 | D105: Ensure that the --make-iptables-util-chains argument is set to true | E105: 1 | F105: =IF(G105=0, "NONE", IF(G105<4, "LOW", IF(G105<7, "MEDIUM", IF(G105<9, "HIGH", "CRITICAL")))) -> LOW | G105: =ROUND(((0.6*J105)+(0.4*H105)-1.5)*I105,1) -> 3.5 | H105: =20*L105*M105*N105 -> 6.832 | I105: =IF(J105=0, 0, 1.176) -> 1.176 | J105: =10.41*(1-(1-O105)*(1-P105)*(1-Q105)) -> 2.86275 | L105: 1 | M105: 0.56 | N105: 0.61 | O105: 0 | P105: 0.275 | Q105: 0
C106: 4.2.7 | D106: Ensure that the --hostname-override argument is not set | E106: 0 | F106: =IF(G106=0, "NONE", IF(G106<4, "LOW", IF(G106<7, "MEDIUM", IF(G106<9, "HIGH", "CRITICAL")))) -> MEDIUM | G106: =ROUND(((0.6*J106)+(0.4*H106)-1.5)*I106,1) -> 4.6 | H106: =20*L106*M106*N106 -> 3.948736 | I106: =IF(J106=0, 0, 1.176) -> 1.176 | J106: =10.41*(1-(1-O106)*(1-P106)*(1-Q106)) -> 6.4429767 | L106: 0.395 | M106: 0.704 | N106: 0.71 | O106: 0.275 | P106: 0.275 | Q106: 0.275
C107: 4.2.8 | D107: Ensure that the eventRecordQPS argument is set to a level which ensures appropriate event capture | E107: 0 | F107: =IF(G107=0, "NONE", IF(G107<4, "LOW", IF(G107<7, "MEDIUM", IF(G107<9, "HIGH", "CRITICAL")))) -> LOW | G107: =ROUND(((0.6*J107)+(0.4*H107)-1.5)*I107,1) -> 3.3 | H107: =20*L107*M107*N107 -> 6.4579328 | I107: =IF(J107=0, 0, 1.176) -> 1.176 | J107: =10.41*(1-(1-O107)*(1-P107)*(1-Q107)) -> 2.86275 | L107: 0.646 | M107: 0.704 | N107: 0.71 | O107: 0 | P107: 0.275 | Q107: 0
C108: 4.2.9 | D108: Ensure that the --tls-cert-file and --tls-private-key-file arguments are set as appropriate | E108: 0 | F108: =IF(G108=0, "NONE", IF(G108<4, "LOW", IF(G108<7, "MEDIUM", IF(G108<9, "HIGH", "CRITICAL")))) -> CRITICAL | G108: =ROUND(((0.6*J108)+(0.4*H108)-1.5)*I108,1) -> 9.4 | H108: =20*L108*M108*N108 -> 9.9968 | I108: =IF(J108=0, 0, 1.176) -> 1.176 | J108: =10.41*(1-(1-O108)*(1-P108)*(1-Q108)) -> 9.206604 | L108: 1 | M108: 0.704 | N108: 0.71 | O108: 0.66 | P108: 0 | Q108: 0.66
C109: 4.2.10 | D109: Ensure that the --rotate-certificates argument is not set to false | E109: 1 | F109: =IF(G109=0, "NONE", IF(G109<4, "LOW", IF(G109<7, "MEDIUM", IF(G109<9, "HIGH", "CRITICAL")))) -> LOW | G109: =ROUND(((0.6*J109)+(0.4*H109)-1.5)*I109,1) -> 1.7 | H109: =20*L109*M109*N109 -> 3.14104 | I109: =IF(J109=0, 0, 1.176) -> 1.176 | J109: =10.41*(1-(1-O109)*(1-P109)*(1-Q109)) -> 2.86275 | L109: 0.395 | M109: 0.56 | N109: 0.71 | O109: 0 | P109: 0.275 | Q109: 0
C110: 4.2.11 | D110: Verify that the RotateKubeletServerCertificate argument is set to true | E110: 0 | F110: =IF(G110=0, "NONE", IF(G110<4, "LOW", IF(G110<7, "MEDIUM", IF(G110<9, "HIGH", "CRITICAL")))) -> LOW | G110: =ROUND(((0.6*J110)+(0.4*H110)-1.5)*I110,1) -> 1.7 | H110: =20*L110*M110*N110 -> 3.14104 | I110: =IF(J110=0, 0, 1.176) -> 1.176 | J110: =10.41*(1-(1-O110)*(1-P110)*(1-Q110)) -> 2.86275 | L110: 0.395 | M110: 0.56 | N110: 0.71 | O110: 0 | P110: 0.275 | Q110: 0
C111: 4.2.12 | D111: Ensure that the Kubelet only makes use of Strong Cryptographic Ciphers | E111: 0 | F111: =IF(G111=0, "NONE", IF(G111<4, "LOW", IF(G111<7, "MEDIUM", IF(G111<9, "HIGH", "CRITICAL")))) -> MEDIUM | G111: =ROUND(((0.6*J111)+(0.4*H111)-1.5)*I111,1) -> 4 | H111: =20*L111*M111*N111 -> 4.928 | I111: =IF(J111=0, 0, 1.176) -> 1.176 | J111: =10.41*(1-(1-O111)*(1-P111)*(1-Q111)) -> 4.9382437 | L111: 1 | M111: 0.704 | N111: 0.35 | O111: 0.275 | P111: 0 | Q111: 0.275
... C113: 4.2.14 | D113: Ensure that the --seccomp-default parameter is set to true | E113: 0 | F113: =IF(G113=0, "NONE", IF(G113<4, "LOW", IF(G113<7, "MEDIUM", IF(G113<9, "HIGH", "CRITICAL")))) -> HIGH | G113: =ROUND(((0.6*J113)+(0.4*H113)-1.5)*I113,1) -> 7.5 | H113: =20*L113*M113*N113 -> 9.9968 | I113: =IF(J113=0, 0, 1.176) -> 1.176 | J113: =10.41*(1-(1-O113)*(1-P113)*(1-Q113)) -> 6.4429767 | L113: 1 | M113: 0.704 | N113: 0.71 | O113: 0.275 | P113: 0.275 | Q113: 0.275
B114: kube-proxy | C114: 4.3
C115: 4.3.1 | D115: Ensure that the kube-proxy metrics service is bound to localhost | E115: 0 | F115: =IF(G115=0, "NONE", IF(G115<4, "LOW", IF(G115<7, "MEDIUM", IF(G115<9, "HIGH", "CRITICAL")))) -> HIGH | G115: =ROUND(((0.6*J115)+(0.4*H115)-1.5)*I115,1) -> 7.5 | H115: =20*L115*M115*N115 -> 9.9968 | I115: =IF(J115=0, 0, 1.176) -> 1.176 | J115: =10.41*(1-(1-O115)*(1-P115)*(1-Q115)) -> 6.4429767 | L115: 1 | M115: 0.704 | N115: 0.71 | O115: 0.275 | P115: 0.275 | Q115: 0.275
A116: Policies | C116: 5
B117: RBAC and Service Accounts | C117: 5.1
C118: 5.1.1 | D118: Ensure that the cluster-admin role is only used where required | E118: 0 | F118: =IF(G118=0, "NONE", IF(G118<4, "LOW", IF(G118<7, "MEDIUM", IF(G118<9, "HIGH", "CRITICAL")))) -> HIGH | G118: =ROUND(((0.6*J118)+(0.4*H118)-1.5)*I118,1) -> 7.7 | H118: =20*L118*M118*N118 -> 5.136992 | I118: =IF(J118=0, 0, 1.176) -> 1.176 | J118: =10.41*(1-(1-O118)*(1-P118)*(1-Q118)) -> 10.000845 | L118: 0.646 | M118: 0.56 | N118: 0.71 | O118: 0.66 | P118: 0.66 | Q118: 0.66
C119: 5.1.2 | D119: Minimize access to secrets | E119: 0 | F119: =IF(G119=0, "NONE", IF(G119<4, "LOW", IF(G119<7, "MEDIUM", IF(G119<9, "HIGH", "CRITICAL")))) -> HIGH | G119: =ROUND(((0.6*J119)+(0.4*H119)-1.5)*I119,1) -> 7.1 | H119: =20*L119*M119*N119 -> 5.136992 | I119: =IF(J119=0, 0, 1.176) -> 1.176 | J119: =10.41*(1-(1-O119)*(1-P119)*(1-Q119)) -> 9.206604 | L119: 0.646 | M119: 0.56 | N119: 0.71 | O119: 0.66 | P119: 0 | Q119: 0.66
C120: 5.1.3 | D120: Minimize wildcard use in Roles and ClusterRoles | E120: 0 | F120: =IF(G120=0, "NONE", IF(G120<4, "LOW", IF(G120<7, "MEDIUM", IF(G120<9, "HIGH", "CRITICAL")))) -> MEDIUM | G120: =ROUND(((0.6*J120)+(0.4*H120)-1.5)*I120,1) -> 5.2 | H120: =20*L120*M120*N120 -> 5.136992 | I120: =IF(J120=0, 0, 1.176) -> 1.176 | J120: =10.41*(1-(1-O120)*(1-P120)*(1-Q120)) -> 6.4429767 | L120: 0.646 | M120: 0.56 | N120: 0.71 | O120: 0.275 | P120: 0.275 | Q120: 0.275
C121: 5.1.4 | D121: Minimize access to create pods | E121: 0 | F121: =IF(G121=0, "NONE", IF(G121<4, "LOW", IF(G121<7, "MEDIUM", IF(G121<9, "HIGH", "CRITICAL")))) -> HIGH | G121: =ROUND(((0.6*J121)+(0.4*H121)-1.5)*I121,1) -> 7.1 | H121: =20*L121*M121*N121 -> 5.136992 | I121: =IF(J121=0, 0, 1.176) -> 1.176 | J121: =10.41*(1-(1-O121)*(1-P121)*(1-Q121)) -> 9.206604 | L121: 0.646 | M121: 0.56 | N121: 0.71 | O121: 0.66 | P121: 0.66 | Q121: 0
C122: 5.1.5 | D122: Ensure that default service accounts are not actively used | E122: 0 | F122: =IF(G122=0, "NONE", IF(G122<4, "LOW", IF(G122<7, "MEDIUM", IF(G122<9, "HIGH", "CRITICAL")))) -> MEDIUM | G122: =ROUND(((0.6*J122)+(0.4*H122)-1.5)*I122,1) -> 5.2 | H122: =20*L122*M122*N122 -> 5.136992 | I122: =IF(J122=0, 0, 1.176) -> 1.176 | J122: =10.41*(1-(1-O122)*(1-P122)*(1-Q122)) -> 6.4429767 | L122: 0.646 | M122: 0.56 | N122: 0.71 | O122: 0.275 | P122: 0.275 | Q122: 0.275
C123: 5.1.6 | D123: Ensure that Service Account Tokens are only mounted where necessary | E123: 0 | F123: =IF(G123=0, "NONE", IF(G123<4, "LOW", IF(G123<7, "MEDIUM", IF(G123<9, "HIGH", "CRITICAL")))) -> HIGH | G123: =ROUND(((0.6*J123)+(0.4*H123)-1.5)*I123,1) -> 7.5 | H123: =20*L123*M123*N123 -> 9.9968 | I123: =IF(J123=0, 0, 1.176) -> 1.176 | J123: =10.41*(1-(1-O123)*(1-P123)*(1-Q123)) -> 6.4429767 | L123: 1 | M123: 0.704 | N123: 0.71 | O123: 0.275 | P123: 0.275 | Q123: 0.275
C124: 5.1.7 | D124: Avoid use of system:masters group | E124: 0 | F124: =IF(G124=0, "NONE", IF(G124<4, "LOW", IF(G124<7, "MEDIUM", IF(G124<9, "HIGH", "CRITICAL")))) -> HIGH | G124: =ROUND(((0.6*J124)+(0.4*H124)-1.5)*I124,1) -> 7.7 | H124: =20*L124*M124*N124 -> 5.136992 | I124: =IF(J124=0, 0, 1.176) -> 1.176 | J124: =10.41*(1-(1-O124)*(1-P124)*(1-Q124)) -> 10.000845 | L124: 0.646 | M124: 0.56 | N124: 0.71 | O124: 0.66 | P124: 0.66 | Q124: 0.66
C125: 5.1.8 | D125: Limit use of the Bind, Impersonate and Escalate permissions in the Kubernetes cluster | E125: 0 | F125: =IF(G125=0, "NONE", IF(G125<4, "LOW", IF(G125<7, "MEDIUM", IF(G125<9, "HIGH", "CRITICAL")))) -> HIGH | G125: =ROUND(((0.6*J125)+(0.4*H125)-1.5)*I125,1) -> 7.4 | H125: =20*L125*M125*N125 -> 4.413472 | I125: =IF(J125=0, 0, 1.176) -> 1.176 | J125: =10.41*(1-(1-O125)*(1-P125)*(1-Q125)) -> 10.000845 | L125: 0.646 | M125: 0.56 | N125: 0.61 | O125: 0.66 | P125: 0.66 | Q125: 0.66
C126: 5.1.9 | D126: Minimize access to create persistent volumes | E126: 0 | F126: =IF(G126=0, "NONE", IF(G126<4, "LOW", IF(G126<7, "MEDIUM", IF(G126<9, "HIGH", "CRITICAL")))) -> LOW | G126: =ROUND(((0.6*J126)+(0.4*H126)-1.5)*I126,1) -> 3.8 | H126: =20*L126*M126*N126 -> 4.413472 | I126: =IF(J126=0, 0, 1.176) -> 1.176 | J126: =10.41*(1-(1-O126)*(1-P126)*(1-Q126)) -> 4.9382437 | L126: 0.646 | M126: 0.56 | N126: 0.61 | O126: 0.275 | P126: 0.275 | Q126: 0
C127: 5.1.10 | D127: Minimize access to the proxy sub-resource of nodes | E127: 0 | F127: =IF(G127=0, "NONE", IF(G127<4, "LOW", IF(G127<7, "MEDIUM", IF(G127<9, "HIGH", "CRITICAL")))) -> HIGH | G127: =ROUND(((0.6*J127)+(0.4*H127)-1.5)*I127,1) -> 7.4 | H127: =20*L127*M127*N127 -> 4.413472 | I127: =IF(J127=0, 0, 1.176) -> 1.176 | J127: =10.41*(1-(1-O127)*(1-P127)*(1-Q127)) -> 10.000845 | L127: 0.646 | M127: 0.56 | N127: 0.61 | O127: 0.66 | P127: 0.66 | Q127: 0.66
...

Sheet NSA-CISA k8s hardening
A1: Title | B1: NSA-CISA Kubernetes Hardening Guide
A2: Version | B2: 1.2
A4: Section | B4: Title | C4: Subtitle
A5: Kubernetes Pod Security
B6: "Non-root" containers and "rootless" container engines
B7: Immutable container file systems
B8: Building secure container images
B9: Pod security enforcement
B10: Protecting Pod service account tokens
B11: Hardening container environments
A12: Network separation and hardening
B13: Namespaces
B14: Network policies
B15: Resource policies
B16: Control plane hardening
C17: Etcd
C18: Kubeconfig Files
B19: Worker node segmentation
B20: Encryption
B21: Secrets
B22: Protecting sensitive cloud infrastructure
A23: Authentication and authorization
B24: Authentication
B25: Role-based access control
A26: Audit Logging and Threat Detection
B27: Logging
C28: Kubernetes native audit logging configuration
C29: Worker node and container logging
C30: Seccomp: audit mode
C31: Syslog
C32: SIEM platforms
C33: Service meshes
C34: Fault tolerance
B35: Threat Detection
C36: Alerting
B37: Tools
A38: Upgrading and application security practices

Sheet K8S STIG
A1: Title | B1: Kubernetes Secure Technical Implementation Guide (STIG)
A2: Version | B2: Ver 2, Rel 3
A5: Title | B5: Group ID | C5: Rule ID | D5: Description | E5: Automated
A6: CNTR-K8-000150 | B6: V-242376 | C6: SV-242376r960759 | D6: The Kubernetes Controller Manager must use TLS 1.2, at a minimum | E6: 0
A7: CNTR-K8-000160 | B7: V-242377 | C7: SV-242377r960759 | D7: The Kubernetes Scheduler must use TLS 1.2, at a minimum | E7: 0
A8: CNTR-K8-000170 | B8: V-242378 | C8: SV-242378r960759 | D8: The Kubernetes API Server must use TLS 1.2, at a minimum | E8: 0
A9: CNTR-K8-000180 | B9: V-242379 | C9: SV-242379r960759 | D9: The Kubernetes etcd must use TLS (--auto-tls) | E9: 0
A10: CNTR-K8-000190 | B10: V-242380 | C10: SV-242380r960759 | D10: The Kubernetes etcd must use TLS (--peer-auto-tls) | E10: 0
A11: CNTR-K8-000220 | B11: V-242381 | C11: SV-242381r1043176 | D11: The Kubernetes Controller Manager must create unique service accounts for each work payload. | E11: 0
A12: CNTR-K8-000270 | B12: V-242382 | C12: SV-242382r960792 | D12: The Kubernetes API Server must enable Node,RBAC as the authorization mode. | E12: 0
A13: CNTR-K8-000290 | B13: V-242383 | C13: SV-242383r960801 | D13: User-managed resources must be created in dedicated namespaces. | E13: 0
A14: CNTR-K8-000300 | B14: V-242384 | C14: SV-242384r960792 | D14: The Kubernetes Scheduler must have secure binding. | E14: 0
A15: CNTR-K8-000310 | B15: V-242385 | C15: SV-242385r960792 | D15: The Kubernetes Controller Manager must have secure binding. | E15: 0
A16: CNTR-K8-000320 | B16: V-242386 | C16: SV-242386r960792 | D16: The Kubernetes API server must have the insecure port flag disabled. | E16: 0
A17: CNTR-K8-000330 | B17: V-242387 | C17: SV-242387r960792 | D17: The Kubernetes Kubelet must have the "readOnlyPort" flag disabled. | E17: 0
... A33: CNTR-K8-000850 | B33: V-242404 | C33: SV-242404r960960 | D33: Kubernetes Kubelet must deny hostname override. | E33: 0
A34: CNTR-K8-000860 | B34: V-242405 | C34: SV-242405r960960 | D34: The Kubernetes manifests must be owned by root. | E34: 0 | F34: V-242444
A35: CNTR-K8-000880 | B35: V-242406 | C35: SV-242406r960960 | D35: The Kubernetes KubeletConfiguration file must be owned by root. | E35: 0 | F35: V-242457
A36: CNTR-K8-000890 | B36: V-242407 | C36: SV-242407r960960 | D36: The Kubernetes KubeletConfiguration files must have file permissions set to 644 or more restrictive. | E36: 0 | F36: V-242456
A37: CNTR-K8-000900 | B37: V-242408 | C37: SV-242408r960960 | D37: The Kubernetes manifest files must have least privileges. | E37: 0
A38: CNTR-K8-000910 | B38: V-242409 | C38: SV-242409r960963 | D38: Kubernetes Controller Manager must disable profiling. | E38: 0
A39: CNTR-K8-000920 | B39: V-242410 | C39: SV-242410r1043177 | D39: The Kubernetes API Server must enforce ports, protocols, and services | E39: 0
A40: CNTR-K8-000930 | B40: V-242411 | C40: SV-242411r1043177 | D40: The Kubernetes Scheduler must enforce ports, protocols, and services | E40: 0
A41: CNTR-K8-000940 | B41: V-242412 | C41: SV-242412r1043177 | D41: The Kubernetes Controllers must enforce ports, protocols, and services | E41: 0
A42: CNTR-K8-000950 | B42: V-242413 | C42: SV-242413r1043177 | D42: The Kubernetes etcd must enforce ports, protocols, and services | E42: 0
A43: CNTR-K8-000960 | B43: V-242414 | C43: SV-242414r1043177 | D43: The Kubernetes cluster must use non-privileged host ports for user pods. | E43: 0
A44: CNTR-K8-001160 | B44: V-242415 | C44: SV-242415r1069466 | D44: Secrets in Kubernetes must not be stored as environment variables. | E44: 0
A45: CNTR-K8-001300 | B45: V-245541 | C45: SV-245541r1069469 | D45: Kubernetes Kubelet must not disable timeouts. | E45: 0
A46: CNTR-K8-001360 | B46: V-242417 | C46: SV-242417r961095 | D46: Kubernetes must separate user functionality. | E46: 0
A47: CNTR-K8-001400 | B47: V-242418 | C47: SV-242418r1043178 | D47: The Kubernetes API server must use approved cipher suites. | E47: 0
A48: CNTR-K8-001420 | B48: V-242420 | C48: SV-242420r1043178 | D48: Kubernetes Kubelet must have the SSL Certificate Authority set. | E48: 0
... A73: CNTR-K8-002720 | B73: V-242443 | C73: SV-242443r961683 | D73: Kubernetes must contain the latest updates as authorized by IAVMs, CTOs, DTMs, and STIGs. | E73: 0
A74: CNTR-K8-003110 | B74: V-242444 | C74: SV-242444r961863 | D74: The Kubernetes component manifests must be owned by root. | E74: 0 | F74: V-242405
A75: CNTR-K8-003120 | B75: V-242445 | C75: SV-242445r961863 | D75: The Kubernetes component etcd must be owned by etcd. | E75: 0
A76: CNTR-K8-003130 | B76: V-242446 | C76: SV-242446r961863 | D76: The Kubernetes conf files must be owned by root. | E76: 0
A77: CNTR-K8-003140 | B77: V-242447 | C77: SV-242447r961863 | D77: The Kubernetes Kube Proxy kubeconfig must have file permissions set to 644 or more restrictive. | E77: 0
A78: CNTR-K8-003150 | B78: V-242448 | C78: SV-242448r961863 | D78: The Kubernetes Kube Proxy kubeconfig must be owned by root. | E78: 0
A79: CNTR-K8-003160 | B79: V-242449 | C79: SV-242449r961863 | D79: The Kubernetes Kubelet certificate authority file must have file permissions set to 644 or more restrictive. | E79: 0
A80: CNTR-K8-003170 | B80: V-242450 | C80: SV-242450r961863 | D80: The Kubernetes Kubelet certificate authority must be owned by root. | E80: 0
A81: CNTR-K8-003180 | B81: V-242451 | C81: SV-242451r961863 | D81: The Kubernetes component PKI must be owned by root. | E81: 0
A82: CNTR-K8-003190 | B82: V-242452 | C82: SV-242452r961863 | D82: The Kubernetes kubelet KubeConfig must have file permissions set to 644 or more restrictive. | E82: 0
A83: CNTR-K8-003200 | B83: V-242453 | C83: SV-242453r961863 | D83: The Kubernetes kubelet KubeConfig file must be owned by root. | E83: 0
A84: CNTR-K8-003210 | B84: V-242454 | C84: SV-242454r961863 | D84: The Kubernetes kubeadm.conf must be owned by root. | E84: 0
A85: CNTR-K8-003220 | B85: V-242455 | C85: SV-242455r961863 | D85: The Kubernetes kubeadm.conf must have file permissions set to 644 or more restrictive. | E85: 0
A86: CNTR-K8-003230 | B86: V-242456 | C86: SV-242456r961863 | D86: The Kubernetes kubelet config must have file permissions set to 644 or more restrictive. | E86: 0 | F86: V-242407
A87: CNTR-K8-003240 | B87: V-242457 | C87: SV-242457r961863 | D87: The Kubernetes kubelet config must be owned by root. | E87: 0 | F87: V-242406
A88: CNTR-K8-003260 | B88: V-242459 | C88: SV-242459r961863 | D88: The Kubernetes etcd must have file permissions set to 644 or more restrictive. | E88: 0
A89: CNTR-K8-003270 | B89: V-242460 | C89: SV-242460r961863 | D89: The Kubernetes admin kubeconfig must have file permissions set to 644 or more restrictive. | E89: 0
A90: CNTR-K8-003280 | B90: V-242461 | C90: SV-242461r961863 | D90: Kubernetes API Server audit logs must be enabled. | E90: 0
A91: CNTR-K8-003290 | B91: V-242462 | C91: SV-242462r961863 | D91: The Kubernetes API Server must be set to audit log max size. | E91: 0
A92: CNTR-K8-003300 | B92: V-242463 | C92: SV-242463r961863 | D92: The Kubernetes API Server must be set to audit log maximum backup. | E92: 0
A93: CNTR-K8-003310 | B93: V-242464 | C93: SV-242464r961863 | D93: The Kubernetes API Server audit log retention must be set. | E93: 0
A94: CNTR-K8-003320 | B94: V-242465 | C94: SV-242465r961863 | D94: The Kubernetes API Server audit log path must be set. | E94: 0
A95: CNTR-K8-003330 | B95: V-242466 | C95: SV-242466r961863 | D95: The Kubernetes PKI CRT must have file permissions set to 644 or more restrictive. | E95: 0
A96: CNTR-K8-003340 | B96: V-242467 | C96: SV-242467r961863 | D96: The Kubernetes PKI keys must have file permissions set to 600 or more restrictive. | E96: 0

Sheet BSI
A1: Title | B1: BSI - APP.4.4 Kubernetes
A2: Version | B2: Ver 2, Rel 3
A4: Numbering | B4: Title
A5: 3.1 | B5: Basis-Anforderungen
A6: APP.4.4.A1 | B6: Planung der Separierung der Anwendungen
A7: APP.4.4.A2 | B7: Planung der Automatisierung mit CI/CD
A8: APP.4.4.A3 | B8: Identitäts- und Berechtigungsmanagement bei Kubernetes
A9: APP.4.4.A4 | B9: Separierung von Pods
A10: APP.4.4.A5 | B10: Datensicherung im Cluster
A11: 3.2 | B11: Standard-Anforderungen
A12: APP.4.4.A6 | B12: Initialisierung von Pods
A13: APP.4.4.A7 | B13: Separierung der Netze bei Kubernetes
A14: APP.4.4.A8 | B14: Absicherung von Konfigurationsdateien bei Kubernetes
A15: APP.4.4.A9 | B15: Nutzung von Kubernetes Service-Accounts
A16: APP.4.4.A10 | B16: Absicherung von Prozessen der Automatisierung
A17: APP.4.4.A11 | B17: Überwachung der Container
A18: APP.4.4.A12 | B18: Absicherung der Infrastruktur-Anwendungen
A19: 3.3 | B19: Anforderungen bei erhöhtem Schutzbedarf
A20: APP.4.4.A13 | B20: Automatisierte Auditierung der Konfiguration
A21: APP.4.4.A14 | B21: Verwendung dedizierter Nodes
A22: APP.4.4.A15 | B22: Trennung von Anwendungen auf Node- und Cluster-Ebene
A23: APP.4.4.A16 | B23: Verwendung von Operatoren
A24: APP.4.4.A17 | B24: Attestierung von Nodes
A25: APP.4.4.A18 | B25: Verwendung von Mikro-Segmentierung
A26: APP.4.4.A19 | B26: Hochverfügbarkeit von Kubernetes
A27: APP.4.4.A20 | B27: Verschlüsselte Datenhaltung bei Pods
A28: APP.4.4.A21 | B28: Regelmäßiger Restart von Pods

Sheet PCI Container Guidance
A1: Title | B1: Guidance for Containers and Container Orchestration Tools
A2: Version | B2: 1
A4: Numbering | B4: Title
A5: 1 | B5: Authentication mechanisms should store credentials in a properly secured datastore
A6: 1.1.a | B6: All access requires authentication and individual accountability
A7: 1.2.a | B7: All user credentials should be tied to specific individuals
A8: 1.3.a | B8: All credentials used by the orchestration system should be revokable
A9: 1.4.a | B9: Authentication mechanisms should store credentials in a properly secured datastore
A10: 1.5.a | B10: Credentials should only be provided to running services where explicitly required
A11: 1.5.b | B11: Service accounts should be configured for least privilege
A12: 1.6.a | B12: Interactive users should use multi-factor authentication
A13: 2 | B13: Authorization
A14: 2.1.a | B14: Access granted for users or services should be on a least privilege basis
A15: 2.2.a | B15: All access granted to the orchestration tool should be capable of modification
A16: 2.2.b | B16: Access groups should not be hard-coded
A17: 2.3.a | B17: Use manual and automated means to regularly audit implemented permissions
A18: 3 | B18: Workload Security
A19: 3.1.a | B19: Workloads running in the orchestration system should be configured to prevent access to the underlying cluster nodes by default.
A20: 3.2.a | B20: Workload definitions/manifests should target specific known versions of any container images
A21: 3.3.a | B21: All container images running in the cluster should come from trusted sources.
A22: 4 | B22: Network Security
A23: 4.1.a | B23: Container orchestration tool networks should be configured on a default deny basis, with access explicitly required only for the operation of the applications being allowed.
A24: 4.2.a | B24: Access to orchestration system components and other administrative APIs should be restricted using an explicit allow-list of IP addresses.
A25: 4.3.a | B25: All traffic with orchestration system components APIs should be over encrypted connections, ensuring encryption key rotation meets PCI key and secret requirements.
A26: 5 | B26: PKI
A27: 5.1.a | B27: Where revocation of certificates is not supported, certificate-based authentication should not be used.
A28: 5.1.b | B28: Rotate certificates as required by PCI or customer policies or if any containers are compromised.
A29: 5.2.a | B29: The certificates issued by orchestration tools should not be trusted outside of the container orchestrator environment, as the container orchestrator’s Certificate Authority private key can have weaker protection than other enterprise PKI trust chains.
A30: 6 | B30: Secrets Management
A31: 6.1.a | B31: All secrets needed for the operation of applications hosted on the orchestration platform should be held in encrypted dedicated secrets management systems.
A32: 6.2.a | B32: Apply version control for secrets, so it is easy to refresh or revoke it in case of a compromise.
A33: 7 | B33: Container Orchestration Tool Auditing
A34: 7.1.a | B34: Access to the orchestration system API(s) should be audited and monitored for indications of unauthorized access. Audit logs should be securely stored on a centralized system.
A35: 8 | B35: Container Monitoring
A36: 8.1.a | B36: Centralized logging of container activity should be implemented and allow for correlation of events across instances of the same container.
A37: 8.2.a | B37: Controls should be implemented to detect the adding and execution of new binaries and unauthorized modification of container files to running containers.
A38: 9 | B38: Container Runtime Security
A39: 9.1.a | B39: Where high-risk workloads are identified, consideration should be given to using either container runtimes that provide hypervisorlevel isolation for the workload or dedicated security sandboxes.
A40: 9.2.a | B40: Where Windows containers are used to run application containers, Hyper-V isolation should be deployed in-line with Microsoft’s security guidance.
A41: 10 | B41: Patching
A42: 10.1.a | B42: All container orchestration tools should be supported and receive regular security patches, either from the core project or backported by the orchestration system vendor.
A43: 10.2.a | B43: Host operating system of all the nodes that are part of a cluster controlled by a container orchestration tool should be patched and kept up to date.
A44: 10.3.a | B44: All container images used for applications running in the cluster should be regularly scanned for vulnerabilities, patches should be regularly applied, and the patched images redeployed to the cluster.
A45: 11 | B45: Resource Management
A46: 11.1.a | B46: All workloads running via a container orchestration system should have defined resource limits to reduce the risk of “noisy neighbors” causing availability issues with workloads in the same cluster.
A47: 12 | B47: Container Image Building
A48: 12.1.a | B48: Application container images should be built from trusted, up-to-date minimal base images
A49: 12.2.a | B49: A set of common base container images should be maintained in a container registry that is under the entity's control.
A50: 12.3.a | B50: Container images should be built to run as a standard (non-root) user.
A51: 12.4.a | B51: Secrets should never be included in application images. Where secrets are required during the building of an image (for example to provide credentials for accessing source code - this process should leverage container builder techniques to ensure that the secret will not be present in the final image)
A52: 13 | B52: Registry
A53: 13.1.a | B53: Access to container registries managed by the organization should be controlled.
A54: 13.1.b | B54: Rights to modify or replace images should be limited to authorized individuals.
A55: 13.2.a | B55: Consider using two registries, one for production or business-critical workloads and one for development/test purposes, to assist in preventing image sprawl and the opportunity for an unmaintained or vulnerable image being accidentally pulled into a production cluster.
A56: 13.3.a | B56: If available, registries should regularly scan images and prevent vulnerable images from being deployed to container runtime environments.
A57: 13.4.a | B57: Registries should be configured to integrate with the image build processes such that only signed images from authorized build pipelines are available for deployment to container runtime environments.
A58: 14 | B58: Version Management
A59: 14.1.a | B59: Version control should be used to manage all non-secret configuration files.
A60: 14.1.b | B60: Related objects should be grouped into a single file.
A61: 14.1.c | B61: Labels should be used to semantically identify objects.
A62: 15 | B62: Configuration Management
A63: 15.1.a | B63: All configurations and container images should be tested in a production-like environment prior to deployment.
A64: 15.1.b | B64: Configuration standards that address all known security vulnerabilities and are consistent with industry-accepted hardening standards and vendor security guidance should be developed for all system components, including container orchestration tools.
A65: 16 | B65: Segmentation
A66: 16.1.a | B66: Where practical, higher security components should be placed on dedicated clusters. Where this is not possible, care should be taken to ensure complete segregation between workloads of different security levels.
A67: 16.2.a | B67: Critical systems should run on dedicated nodes in any container orchestration cluster.
A68: 16.3.a | B68: Split cluster node pools should be enforced such that a cluster user of the low-security applications cannot schedule workloads to the high-security nodes.
A69: 16.4.a | B69: Workloads and users who manage individual applications running under the orchestration system should not have the rights to modify shared cluster resources, or any resources used by another application.

Sheet MS TM for K8S
A1: Title | B1: Microsoft Threat Matrix for Kubernetes
A2: Version | B2: 45944
A4: Numbering | B4: Title
A5: MS-M9001 | B5: Multi-factor authentication
A6: MS-M9002 | B6: Restrict access to the API server using IP firewall
A7: MS-M9003 | B7: Adhere to least-privilege principle
A8: MS-M9004 | B8: Secure CI/CD environment
A9: MS-M9005 | B9: Image assurance policy
A10: MS-M9005.001 | B10: Gate generated images in CI/CD pipeline
A11: MS-M9005.002 | B11: Gate images pushed to registries
A12: MS-M9005.003 | B12: Gate images deployed to Kubernetes cluster
A13: MS-M9006 | B13: Enable Just In Time access to API server
A14: MS-M9007 | B14: Network intrusion prevention
A15: MS-M9008 | B15: Limit access to services over network
... A39: MS-M9032 | B39: Avoid using web-hosted manifest for Kubelet

Sheet Kubernetes security checklists
A1: Title | B1: Security Checklist & Application Security Checklist | C1: Origins | D1: https://kubernetes.io/docs/concepts/security/security-checklist/
A2: Version | B2: 45944 | D2: https://kubernetes.io/docs/concepts/security/application-security-checklist/
A4: Origin | B4: Category | C4: Item
A5: Security Checklist | B5: Authentication & Authorization | C5: system:masters group is not used for user or component authentication after bootstrapping
A6: Security Checklist | B6: Authentication & Authorization | C6: The kube-controller-manager is running with --use-service-account-credentials enabled.
A7: Security Checklist | B7: Authentication & Authorization | C7: The root certificate is protected (either an offline CA, or a managed online CA with effective access controls).
A8: Security Checklist | B8: Authentication & Authorization | C8: Intermediate and leaf certificates have an expiry date no more than 3 years in the future.
A9: Security Checklist | B9: Authentication & Authorization | C9: A process exists for periodic access review, and reviews occur no more than 24 months apart.
A10: Security Checklist | B10: Authentication & Authorization | C10: The Role Based Access Control Good Practices are followed for guidance related to authentication and authorization.
A11: Security Checklist | B11: Network security | C11: CNI plugins in use support network policies.
A12: Security Checklist | B12: Network security | C12: Ingress and egress network policies are applied to all workloads in the cluster.
A13: Security Checklist | B13: Network security | C13: Default network policies within each namespace, selecting all pods, denying everything, are in place.
A14: Security Checklist | B14: Network security | C14: If appropriate, a service mesh is used to encrypt all communications inside of the cluster.
A15: Security Checklist | B15: Network security | C15: Access from the workloads to the cloud metadata API is filtered.
... A59: Application Security Checklist | B59: Application design | C59: Follow the right security principles when designing applications.
A60: Application Security Checklist | B60: Application design | C60: Memory limit is set for the workloads with a limit equal to or greater than the request. | D60: see C26
A61: Application Security Checklist | B61: Application design | C61: CPU limit might be set on sensitive workloads.
A62: Application Security Checklist | B62: Service account | C62: Avoid using the default ServiceAccount. Instead, create ServiceAccounts for each workload or microservice.
A63: Application Security Checklist | B63: Service account | C63: automountServiceAccountToken should be set to false unless the pod specifically requires access to the Kubernetes API to operate.
A64: Application Security Checklist | B64: Pod-level securityContext recommendations | C64: Set runAsNonRoot: true.
A65: Application Security Checklist | B65: Pod-level securityContext recommendations | C65: Configure the container to execute as a less privileged user (for example, using runAsUser and runAsGroup), and configure appropriate permissions on files or directories inside the container image.
A66: Application Security Checklist | B66: Pod-level securityContext recommendations | C66: Optionally add a supplementary group with fsGroup to access persistent volumes.
A67: Application Security Checklist | B67: Pod-level securityContext recommendations | C67: The application deploys into a namespace that enforces an appropriate Pod security standard.
A68: Application Security Checklist | B68: Container-level securityContext recommendations | C68: Disable privilege escalations using allowPrivilegeEscalation: false.
A69: Application Security Checklist | B69: Container-level securityContext recommendations | C69: Configure the root filesystem to be read-only with readOnlyRootFilesystem: true.
A70: Application Security Checklist | B70: Container-level securityContext recommendations | C70: Avoid running privileged containers (set privileged: false).
A71: Application Security Checklist | B71: Container-level securityContext recommendations | C71: Drop all capabilities from the containers and add back only specific ones that are needed for operation of the container.
A72: Application Security Checklist | B72: Role Based Access Control | C72: Permissions such as create, patch, update and delete should be only granted if necessary.
... A81: Application Security Checklist | B81: Runtime classes | C81: Configure appropriate runtime classes for containers

Sheet OWASP
A1: Title: | B1: OWASP Kubernetes Security Cheat Sheet
A2: Version: | B2: 45947
A3: Origin: | B3: https://cheatsheetseries.owasp.org/cheatsheets/Kubernetes_Security_Cheat_Sheet.html
A5: Section | B5: Subsection
A6: S1 - Securing Kubernetes Hosts
B7: Updating Kubernetes | D7: 1
A8: S2 - Securing Kubernetes Components
B9: Securing the Kubernetes Dashboard | D9: 1
B10: Restricting Access To etcd | D10: 1
C11: Limiting access to the primary etcd instance | D11: 1
B12: Controlling Network Access to Sensitive Ports | D12: 1
B13: Controlling Access To The Kubernetes API | D13: 1
C14: How Kubernetes handles API authorization | D14: 1
C15: External API Authentication for Kubernetes | D15: 1
C16: Options for Kubernetes Built-In API Authentication | D16: 1
B17: Implementing Role-Based Access Control in Kubernetes | D17: 1
B18: Limiting access to the Kubelets | D18: 1
A19: S3 - Kubernetes Security Best Practices: Build Phase
B20: What is a container image | D20: 1
C21: Ensure that CIs are up to date | D21: 1
B22: Only use authorized images in Your environment | D22: 1
B23: Use a CI Pipeline To Control and Identify Vulnerabilities | D23: 1
B24: Minimize Features in All CIs | D24: 1
C25: Use distroless or empty images when possible | D25: 1
A26: S4 - Kubernetes Security Best Practices: Deploy Phase
B27: Code that uses namespaces to isolate Kubernetes resources | D27: 1
B28: Use the ImagePolicyWebhook to govern image provenance | D28: 1
B29: Implement continuous security vulnerability scanning | D29: 1
B30: Apply security context to your pods and containers | D30: 1
C31: Security context example: A pod definition that includes security context parameters | D31: 1
B32: Continuously assess the privileges used by containers | D32: 1
C33: Utilize Pod Security Standards and the Built-in Pod Security Admission Controller to enforce container privilege levels | D33: 1
C34: Use Pod security policies to control the security-related attributes of pods, which includes container privilege levels | D34: 1
B35: Providing extra security with a service mesh | D35: 1
C36: Advantages of a service mesh | D36: 1
C37: Disadvantages of a security mesh | D37: 1
B38: Implementing centralized policy management | D38: 1
C39: Most common use cases of OPA | D39: 1
B40: Limiting resource usage on a cluster | D40: 1
B41: Use Kubernetes network policies to control traffic between pods and clusters | D41: 1
B42: Securing data
C43: Keep secrets a secret | D43: 1
C44: Encrypt secrets at rest | D44: 1
C45: Alternatives to Kubernetes Secret resources | D45: 1
C46: Finding exposed secrets | D46: 1
A47: S5 - Kubernetes Security Best Practices: Runtime Phase
B48: Use Pod Security Admission to prevent risky containers / Pods from being deployed | D48: 1
B49: Container Runtime Security | D49: 1
B50: Container Sandboxing | D50: 1
B51: Prevent containers from loading unwanted kernel modules | D51: 1
B52: Compare and analyze different runtime activity in pods of the same deployments | D52: 1
B53: Monitor network traffic to limit unnecessary or insecure communication | D53: 1
B54: If breached, scale suspicious pods to zero | D54: 1
B55: Rotate infrastructure credentials frequently | D55: 1
B56: Logging | D56: 1
C57: Enable audit logging | D57: 1
C58: Define Audit Policies | D58: 1
C59: Understand Logging | D59: 1
C60: Events | D60: 1
A61: S6 - Securing a managed-service Kubernetes on Cloud Service Provider
B62: AWS | D62: 1
A63: S7 - Final Thoughts
B64: Embed security into the container lifecycle as early as possible | D64: 1
B65: Use Kubernetes-native security controls to reduce operational risk | D65: 1
B66: Leverage the context that Kubernetes provides to prioritize remediation efforts | D66: 1
